Location,Year,Month,Day,Latitude,Longitude,Country,Region_HiMAP,Type,Impact,Fatalities,Injured,Livestock,Leisure,Remarks,Reference
Daykundi,2020,2,13,33.703958,66.036936,Afghanistan,8,NA,Y,22,10,NA,,series of avalanches in Daykundi between 13-14,https://reliefweb.int/report/afghanistan/afghanistan-avalanche-noaa-cpc-amd-media-echo-daily-flash-17-february-2020
"Takhawi, Waras, Bamyan",2020,2,11,33.860994,66.750963,Afghanistan,8,slab avalanche,Y,1,NA,0,,,AKAH-A
"Dahne Shor Siadara, Yaka Walang, Bamyan",2020,2,12,34.639964,66.946914,Afghanistan,8,slab avalanche,Y,1,NA,0,,,AKAH-A
Anzob,2007,12,22,39.272888,68.541344,Tajikistan,5,snow avalanche,Y,16,NA,NA,,Dushanbe-Khujand road section,https://www.latimes.com/archives/la-xpm-2007-dec-23-fg-briefs23.s3-story.html
Anzob,2010,3,17,39.272888,68.541344,Tajikistan,5,NA,Y,8,NA,NA,,,https://www.reuters.com/article/us-tajikistan-avalanche/avalanche-kills-eight-in-tajikistan-idUSTRE62H0HO20100318
Anzob,2017,1,29,39.272888,68.541344,Tajikistan,5,NA,Y,7,NA,,,,
"Guldara (Dushi), Dushi, Baghlan",2022,3,15,35.38999782,68.54863788,Afghanistan,8,slab avalanche,N,0,NA,0,,,AKAH-A
"Bibedara, Dushi, Baghlan",2022,3,14,35.38581,68.65556,Afghanistan,8,slab avalanche,N,0,NA,0,,,AKAH-A
"Bibedara, Dushi, Baghlan",2022,3,15,35.38550937,68.65646925,Afghanistan,8,slab avalanche,N,0,NA,0,,,AKAH-A
Istikol,2009,2,27,39.070615,68.697412,Tajikistan,5,snow avalanche,Y,6,0,NA,,driver and 5 passengers on a car were hit,https://www.thenewhumanitarian.org/report/83208/brief-avalanche-kills-six-people-tajikistan
Anzob,1997,10,23,39.041862,68.836962,Tajikistan,5,NA,Y,46,NA,NA,,,https://www.dangerousroads.org/asia/tajikistan/2594-anzob-pass.html
"Darwaza, Khenjan, Baghlan",2015,2,25,35.56925,68.90611,Afghanistan,8,slab avalanche,N,0,NA,0,,,AKAH-A
"Zarsarag, Khenjan, Baghlan",2015,2,25,35.48399,68.941292,Afghanistan,8,slab avalanche,Y,0,1,0,,1 persons injured,AKAH-A
"Malkhan, Khenjan, Baghlan",2015,2,25,35.47525185,68.95356357,Afghanistan,8,slab avalanche,Y,0,2,0,,2 persons injured,AKAH-A
Salang,2010,2,8,35.310158,69.045199,Afghanistan,8,NA,Y,175,70,NA,,"17 avalanches, triggered by heavy winds and rain, buried more than 2 miles of highway, more than 70 people injured",https://reliefweb.int/report/afghanistan/afghanistan-lessons-salang-pass-disaster  /  https://www.reuters.com/article/idINIndia-46016020100209
Salang,2021,3,,35.310158,69.045199,Afghanistan,8,NA,Y,14,NA,NA,,,https://english.alarabiya.net/News/world/2021/03/05/At-least-14-killed-by-avalanche-hits-gold-mine-in-northern-Afghanistan-officials
Salang,2009,1,16,35.305848,69.049623,Afghanistan,8,NA,Y,10,11,NA,,Southern part of the Salang Tunnel ,https://www.reuters.com/article/worldNews/idUSTRE50H0ON20090118?feedType=RSS&feedName=worldNews
"youch, Banu, Baghlan",2015,2,26,35.361706,69.057838,Afghanistan,8,slab avalanche,Y,2,NA,0,,,AKAH-A
"Mikhag, Banu, Baghlan",2015,2,26,35.614605,69.085274,Afghanistan,8,slab avalanche,Y,1,NA,0,,,AKAH-A
"Khambil, Raghistan, Badakhshan",2022,1,18,34.550579,69.163414,Afghanistan,8,slab avalanche,Y,3,5,0,,5 persons injured,AKAH-A
"Kishan Abad, Banu, Baghlan",2015,2,26,35.619953,69.220108,Afghanistan,8,slab avalanche,Y,1,1,0,,1 persons injured,AKAH-A
Degdonak,2005,2,3,38.928114,69.83007,Tajikistan,5,snow avalanche,Y,9,3,NA,,"3 people injured, 15 houses buried under snow",https://reliefweb.int/report/tajikistan/tajikistan-snow-avalanches-ocha-situation-report-no-1
"Weghnan, Warsaj, Takhar",2015,3,3,36.008232,70.019539,Afghanistan,8,slab avalanche,N,0,NA,0,,,AKAH-A
"Aspogh, Warsaj, Takhar",2015,3,3,35.948956,70.041901,Afghanistan,8,slab avalanche,N,0,NA,0,,,AKAH-A
"7 remote CDCs, Arghanj Khaw, Badakhshan",2010,6,18,36.949934,70.116616,Afghanistan,8,wet snow avalanche,N,0,0,0,,,AKAH-A
Afghanistan,2012,1,23,36.949934,70.116616,Afghanistan,8,snow avalanche,Y,43,65,NA,,,https://www.adrc.asia/view_disaster_en.php?NationCode=4&lang=en&KEY=1602
Afghanistan,2015,2,24,35.576094,70.157491,Afghanistan,8,NA,Y,300,100,NA,,"198 casualties alone in Panjhsir Province, started from 24th Feb until early March",https://reliefweb.int/report/afghanistan/perfect-snow-storm-what-can-be-done-against-avalanche-damage-afghanistan
"Ebroy, Warsaj, Takhar",2021,5,2,36.14040733,70.2163263,Afghanistan,8,wet snow avalanche,N,0,NA,0,,,AKAH-A
"Chashma Angusht, Warsaj, Takhar",2015,3,3,36.12235925,70.2330602,Afghanistan,8,slab avalanche,N,0,NA,0,,,AKAH-A
"Chashma Angusht, Warsaj, Takhar",2022,3,15,36.12235925,70.2330602,Afghanistan,8,slab avalanche,N,0,NA,0,,,AKAH-A
"Bedi Ashuk, Warsaj, Takhar",2021,4,26,36.1190284,70.24286448,Afghanistan,8,wet snow avalanche,N,0,NA,0,,,AKAH-A
"Zaiton, Warsaj, Takhar",2022,3,12,36.11137431,70.25186766,Afghanistan,8,slab avalanche,N,0,NA,0,,,AKAH-A
"Seel Posida, Warsaj, Takhar",2022,1,19,36.13213806,70.2733504,Afghanistan,8,slab avalanche,N,0,NA,0,,,AKAH-A
"Rubat Khombok, Tagab, Badakhshan",2015,3,4,36.559273,70.301048,Afghanistan,8,slab avalanche,Y,3,NA,0,,,AKAH-A
"Dehzar, Warsaj, Takhar",2021,3,29,36.1477563,70.32714898,Afghanistan,8,slab avalanche,N,0,NA,0,,,AKAH-A
"Dehzar, Warsaj, Takhar",2022,3,12,36.1477563,70.32714898,Afghanistan,8,slab avalanche,N,0,NA,0,,,AKAH-A
"Peo, Warsaj, Takhar",2022,3,14,36.14905068,70.34818736,Afghanistan,8,slab avalanche,N,0,NA,0,,,AKAH-A
"Wolgreen, Yawan, Badakhshan",2015,2,21,37.528028,70.378631,Afghanistan,6,slab avalanche,N,0,NA,0,,,AKAH-A
"Khaibar, Darayim, Badakhshan",2015,1,7,36.872453,70.468836,Afghanistan,8,slab avalanche,Y,1,NA,0,,,AKAH-A
"Ghazwin, Kufab, Badakhshan",2016,4,22,38.04121,70.478759,Afghanistan,6,wet snow avalanche,Y,0,NA,2,,,AKAH-A
"Toot Darra, Darayim, Badakhshan",2017,2,15,36.87064135,70.48968175,Afghanistan,8,slab avalanche,N,0,NA,0,,,AKAH-A
"Toot Darra, Darayim, Badakhshan",2019,1,9,36.87064135,70.48968175,Afghanistan,8,slab avalanche,N,0,NA,0,,,AKAH-A
"Toot Darra, Darayim, Badakhshan",2019,1,9,36.87064135,70.48968175,Afghanistan,8,slab avalanche,N,0,NA,0,,,AKAH-A
"Rawand (Nusai), Nusai, Badakhshan",2017,2,18,38.16884,70.50885,Afghanistan,6,slab avalanche,N,0,NA,0,,,AKAH-A
"Munjiha, Darayim, Badakhshan",2021,12,27,36.82849793,70.55228675,Afghanistan,8,slab avalanche,N,0,NA,0,,,AKAH-A
"Shrinazm, Shukai, Badakhshan",2015,1,13,38.18705,70.56997,Afghanistan,6,slab avalanche,Y,3,5,0,,5 persons injured,AKAH-A
"Shrinazm, Shukai, Badakhshan",2018,2,15,38.18705,70.56997,Afghanistan,6,slab avalanche,N,0,NA,0,,,AKAH-A
"Shrinazm, Shukai, Badakhshan",2018,2,15,38.18705,70.56997,Afghanistan,6,slab avalanche,N,0,NA,0,,,AKAH-A
"Shrinazm, Shukai, Badakhshan",2019,1,19,38.18705,70.56997,Afghanistan,6,slab avalanche,N,0,NA,0,,,AKAH-A
"Badkay, Shukai, Badakhshan",2022,2,6,38.18003,70.57319,Afghanistan,6,slab avalanche,N,0,NA,0,,,AKAH-A
Afghanistan Fayzabad,2012,1,18,37.1175†,70.579722,Afghanistan,6,snow avalanche,Y,29,40,NA,,,https://reliefweb.int/report/afghanistan/avalanches-badakhshan-situation-report-no-1
"Zangeryai-Bala, Shukai, Badakhshan",2018,2,15,38.31178999,70.60808999,Afghanistan,6,slab avalanche,N,0,NA,0,,,AKAH-A
"Ghumai, Shukai, Badakhshan",2018,2,14,38.28714945,70.60876482,Afghanistan,6,slab avalanche,N,0,NA,0,,,AKAH-A
"Ghumai, Shukai, Badakhshan",2019,1,8,38.28714945,70.60876482,Afghanistan,6,slab avalanche,N,0,NA,0,,,AKAH-A
"Ghumai, Shukai, Badakhshan",2019,3,28,38.28714945,70.60876482,Afghanistan,6,slab avalanche,N,0,NA,0,,,AKAH-A
"Ghumai, Shukai, Badakhshan",2022,3,8,38.28714945,70.60876482,Afghanistan,6,slab avalanche,N,0,NA,0,,,AKAH-A
"Ghumai, Shukai, Badakhshan",2022,3,13,38.28714945,70.60876482,Afghanistan,6,slab avalanche,N,0,NA,0,,,AKAH-A
"Mashtive, Shukai, Badakhshan",2016,1,8,38.12314,70.61495,Afghanistan,6,slab avalanche,N,0,NA,0,,,AKAH-A
"Khami Kasku, Shukai, Badakhshan",2021,3,10,38.22199,70.6515,Afghanistan,6,slab avalanche,Y,2,NA,0,,,AKAH-A
"Khum Kasku, Shukai, Badakhshan",2021,3,10,38.22199,70.6515,Afghanistan,6,slab avalanche,Y,2,NA,0,,,AKAH-A
"Dehkha, Shukai, Badakhshan",2016,12,28,38.35055039,70.66252433,Afghanistan,6,slab avalanche,N,0,NA,0,,,AKAH-A
"Dehkha, Shukai, Badakhshan",2020,2,11,38.35055039,70.66252433,Afghanistan,6,slab avalanche,N,0,NA,0,,,AKAH-A
"Dehkha, Shukai, Badakhshan",2020,4,13,38.35055039,70.66252433,Afghanistan,6,wet snow avalanche,N,0,NA,0,,,AKAH-A
"Dehkha, Shukai, Badakhshan",2021,2,22,38.35055039,70.66252433,Afghanistan,6,slab avalanche,N,0,NA,0,,,AKAH-A
"Dehkha, Shukai, Badakhshan",2022,1,2,38.35055039,70.66252433,Afghanistan,6,slab avalanche,N,0,NA,0,,,AKAH-A
"Dehkha, Shukai, Badakhshan",2022,1,4,38.35055039,70.66252433,Afghanistan,6,slab avalanche,N,0,NA,0,,,AKAH-A
"Dehkha, Shukai, Badakhshan",2022,1,18,38.35055039,70.66252433,Afghanistan,6,slab avalanche,N,0,NA,0,,,AKAH-A
"Dehkha, Shukai, Badakhshan",2022,3,6,38.35055039,70.66252433,Afghanistan,6,slab avalanche,N,0,NA,0,,,AKAH-A
"Dehkha, Shukai, Badakhshan",2022,3,8,38.35055039,70.66252433,Afghanistan,6,slab avalanche,N,0,NA,0,,,AKAH-A
"Dehkha, Shukai, Badakhshan",2022,3,12,38.35055039,70.66252433,Afghanistan,6,slab avalanche,N,0,NA,0,,,AKAH-A
"Dehkha, Shukai, Badakhshan",2022,3,13,38.35055039,70.66252433,Afghanistan,6,slab avalanche,N,0,NA,0,,,AKAH-A
"Khash, Yamgan, Badakhshan",2015,2,15,36.540119,70.667847,Afghanistan,8,slab avalanche,N,0,NA,0,,,AKAH-A
"Narghawn, Shukai, Badakhshan",2018,2,16,38.41435072,70.68963949,Afghanistan,6,slab avalanche,N,0,NA,0,,,AKAH-A
"Munaw, Shukai, Badakhshan",2015,2,24,38.39910571,70.6924054,Afghanistan,6,slab avalanche,N,0,NA,0,,,AKAH-A
"Munaw, Shukai, Badakhshan",2017,1,30,38.39910571,70.6924054,Afghanistan,6,slab avalanche,N,0,NA,0,,,AKAH-A
"Munaw, Shukai, Badakhshan",2018,2,15,38.39910571,70.6924054,Afghanistan,6,slab avalanche,N,0,NA,0,,,AKAH-A
"Munaw, Shukai, Badakhshan",2018,12,31,38.39910571,70.6924054,Afghanistan,6,slab avalanche,N,0,NA,0,,,AKAH-A
"Munaw, Shukai, Badakhshan",2021,2,24,38.39910571,70.6924054,Afghanistan,6,slab avalanche,N,0,NA,0,,,AKAH-A
Rasht,2019,8,2,38.989,70.693,Tajikistan,6,glacier detachment,N,0,0,NA,,"between 2-3 August, avalanche stopped only 2.6km outside the village Degilmoni Poyon ","(K‰‰b et al., 2021 and Leinss et al., 2021)"
"Khawand, Shukai, Badakhshan",2017,2,11,38.36883941,70.69392339,Afghanistan,6,slab avalanche,N,0,NA,0,,,AKAH-A
"Khawand, Shukai, Badakhshan",2018,2,14,38.36883941,70.69392339,Afghanistan,6,slab avalanche,N,0,NA,0,,,AKAH-A
"Khawand, Shukai, Badakhshan",2018,2,16,38.36883941,70.69392339,Afghanistan,6,slab avalanche,N,0,NA,0,,,AKAH-A
"Khawand, Shukai, Badakhshan",2019,1,5,38.36883941,70.69392339,Afghanistan,6,slab avalanche,N,0,NA,0,,,AKAH-A
"Khawand, Shukai, Badakhshan",2019,3,19,38.36883941,70.69392339,Afghanistan,6,slab avalanche,N,0,NA,0,,,AKAH-A
"Khawand, Shukai, Badakhshan",2019,3,28,38.36883941,70.69392339,Afghanistan,6,slab avalanche,N,0,NA,0,,,AKAH-A
"Khawand, Shukai, Badakhshan",2021,2,9,38.36883941,70.69392339,Afghanistan,6,slab avalanche,N,0,NA,0,,,AKAH-A
"Khawand, Shukai, Badakhshan",2022,1,2,38.36883941,70.69392339,Afghanistan,6,slab avalanche,N,0,NA,0,,,AKAH-A
"Khawand, Shukai, Badakhshan",2022,1,4,38.36883941,70.69392339,Afghanistan,6,slab avalanche,N,0,NA,0,,,AKAH-A
"Khawand, Shukai, Badakhshan",2022,2,14,38.36883941,70.69392339,Afghanistan,6,slab avalanche,N,0,NA,0,,,AKAH-A
"Khawand, Shukai, Badakhshan",2022,2,23,38.36883941,70.69392339,Afghanistan,6,slab avalanche,N,0,NA,0,,,AKAH-A
"Khawand, Shukai, Badakhshan",2022,3,6,38.36883941,70.69392339,Afghanistan,6,slab avalanche,N,0,NA,0,,,AKAH-A
"Khawand, Shukai, Badakhshan",2022,3,8,38.36883941,70.69392339,Afghanistan,6,slab avalanche,N,0,NA,0,,,AKAH-A
"Khawand, Shukai, Badakhshan",2022,3,12,38.36883941,70.69392339,Afghanistan,6,slab avalanche,N,0,NA,0,,,AKAH-A
"Khawand, Shukai, Badakhshan",2022,2,6,38.36883941,70.69392339,Afghanistan,6,slab avalanche,Y,1,NA,0,,,AKAH-A
"Purtel, Shukai, Badakhshan",2017,1,28,38.32908783,70.70745318,Afghanistan,6,slab avalanche,N,0,NA,0,,,AKAH-A
"Purtel, Shukai, Badakhshan",2017,1,28,38.32908783,70.70745318,Afghanistan,6,slab avalanche,N,0,NA,0,,,AKAH-A
"Purtel, Shukai, Badakhshan",2017,2,4,38.32908783,70.70745318,Afghanistan,6,slab avalanche,N,0,NA,0,,,AKAH-A
"Purtel, Shukai, Badakhshan",2017,2,4,38.32908783,70.70745318,Afghanistan,6,slab avalanche,N,0,NA,0,,,AKAH-A
"Meyandeh (Nusai), Nusai, Badakhshan",2017,2,15,38.32908783,70.70745318,Afghanistan,6,slab avalanche,N,0,NA,0,,,AKAH-A
"Purtel, Shukai, Badakhshan",2017,3,21,38.32908783,70.70745318,Afghanistan,6,slab avalanche,N,0,NA,0,,,AKAH-A
"Meyandeh (Nusai), Nusai, Badakhshan",2017,3,21,38.32908783,70.70745318,Afghanistan,6,slab avalanche,N,0,NA,0,,,AKAH-A
"Purtel, Shukai, Badakhshan",2018,2,15,38.32908783,70.70745318,Afghanistan,6,slab avalanche,N,0,NA,0,,,AKAH-A
"Purtel, Shukai, Badakhshan",2020,1,4,38.32908783,70.70745318,Afghanistan,6,slab avalanche,N,0,NA,0,,,AKAH-A
"Purtel, Shukai, Badakhshan",2020,1,4,38.32908783,70.70745318,Afghanistan,6,slab avalanche,N,0,NA,0,,,AKAH-A
"Purtel, Shukai, Badakhshan",2020,2,11,38.32908783,70.70745318,Afghanistan,6,slab avalanche,N,0,NA,0,,,AKAH-A
"Purtel, Shukai, Badakhshan",2021,3,11,38.32908783,70.70745318,Afghanistan,6,slab avalanche,N,0,NA,0,,,AKAH-A
"Purtel, Shukai, Badakhshan",2021,3,14,38.32908783,70.70745318,Afghanistan,6,slab avalanche,N,0,NA,0,,,AKAH-A
"Purtel, Shukai, Badakhshan",2021,3,28,38.32908783,70.70745318,Afghanistan,6,slab avalanche,N,0,NA,0,,,AKAH-A
"Purtel, Shukai, Badakhshan",2022,1,2,38.32908783,70.70745318,Afghanistan,6,slab avalanche,N,0,NA,0,,,AKAH-A
"Purtel, Shukai, Badakhshan",2022,1,18,38.32908783,70.70745318,Afghanistan,6,slab avalanche,N,0,NA,0,,,AKAH-A
"Purtel, Shukai, Badakhshan",2022,2,6,38.32908783,70.70745318,Afghanistan,6,slab avalanche,N,0,NA,0,,,AKAH-A
"Purtel, Shukai, Badakhshan",2022,3,20,38.32908783,70.70745318,Afghanistan,6,slab avalanche,N,0,NA,0,,,AKAH-A
"Purtel, Shukai, Badakhshan",2022,3,21,38.32908783,70.70745318,Afghanistan,6,slab avalanche,N,0,NA,0,,,AKAH-A
"Purtel, Shukai, Badakhshan",2022,3,22,38.32908783,70.70745318,Afghanistan,6,slab avalanche,N,0,NA,0,,,AKAH-A
"Purtel, Shukai, Badakhshan",2022,3,23,38.32908783,70.70745318,Afghanistan,6,slab avalanche,N,0,NA,0,,,AKAH-A
"Khahdara, Shukai, Badakhshan",2017,2,18,38.3237509,70.72386421,Afghanistan,6,slab avalanche,N,0,NA,0,,,AKAH-A
"Khahdara, Shukai, Badakhshan",2017,6,5,38.3237509,70.72386421,Afghanistan,6,wet snow avalanche,Y,0,NA,40,,,AKAH-A
"Khahdara, Shukai, Badakhshan",2020,1,4,38.3237509,70.72386421,Afghanistan,6,slab avalanche,N,0,NA,0,,,AKAH-A
"Khahdara, Shukai, Badakhshan",2022,3,12,38.3237509,70.72386421,Afghanistan,6,slab avalanche,N,0,NA,0,,,AKAH-A
"Khundak, Shukai, Badakhshan",2021,2,22,38.32559999,70.72819999,Afghanistan,6,slab avalanche,N,0,NA,0,,,AKAH-A
"Dwak, Shukai, Badakhshan",2018,2,16,38.41539817,70.72941448,Afghanistan,6,slab avalanche,N,0,NA,0,,,AKAH-A
"Dwak, Shukai, Badakhshan",2018,3,12,38.41539817,70.72941448,Afghanistan,6,slab avalanche,N,0,NA,0,,,AKAH-A
"Dwak, Shukai, Badakhshan",2019,3,28,38.41539817,70.72941448,Afghanistan,6,slab avalanche,N,0,NA,0,,,AKAH-A
"Dwak, Shukai, Badakhshan",2021,2,23,38.41539817,70.72941448,Afghanistan,6,slab avalanche,N,0,NA,0,,,AKAH-A
"Dwak, Shukai, Badakhshan",2022,1,4,38.41539817,70.72941448,Afghanistan,6,slab avalanche,N,0,NA,0,,,AKAH-A
"Dwak, Shukai, Badakhshan",2022,2,7,38.41539817,70.72941448,Afghanistan,6,slab avalanche,N,0,NA,0,,,AKAH-A
"Dwak, Shukai, Badakhshan",2022,2,12,38.41539817,70.72941448,Afghanistan,6,slab avalanche,N,0,NA,0,,,AKAH-A
"Dwak, Shukai, Badakhshan",2022,2,23,38.41539817,70.72941448,Afghanistan,6,slab avalanche,N,0,NA,0,,,AKAH-A
"Dwak, Shukai, Badakhshan",2022,3,6,38.41539817,70.72941448,Afghanistan,6,slab avalanche,N,0,NA,0,,,AKAH-A
"Dwak, Shukai, Badakhshan",2022,3,9,38.41539817,70.72941448,Afghanistan,6,slab avalanche,N,0,NA,0,,,AKAH-A
"Dwak, Shukai, Badakhshan",2022,3,12,38.41539817,70.72941448,Afghanistan,6,slab avalanche,N,0,NA,0,,,AKAH-A
"Dwak, Shukai, Badakhshan",2022,3,13,38.41539817,70.72941448,Afghanistan,6,slab avalanche,N,0,NA,0,,,AKAH-A
"Kaj-Lar, Raghistan, Badakhshan",2015,2,21,37.702133,70.735718,Afghanistan,6,slab avalanche,Y,12,2,0,,2 persons injured,AKAH-A
"Kalafzar, Yamgan, Badakhshan",2015,2,14,36.47043108,70.77636818,Afghanistan,8,slab avalanche,Y,5,NA,0,,,AKAH-A
"Bishkharw (Monikharw), Nusai, Badakhshan",2017,2,4,38.28018,70.80021,Afghanistan,6,slab avalanche,N,0,NA,0,,,AKAH-A
"Dara-e- Baghar, Nusai, Badakhshan",2017,2,5,38.44258,70.80021,Afghanistan,6,slab avalanche,Y,0,NA,8,,,AKAH-A
"Darjway, Nusai, Badakhshan",2019,1,12,38.44258,70.80021,Afghanistan,6,slab avalanche,Y,1,NA,0,,,AKAH-A
"Ghumai & Shakardara, Maimai & Nusai, Badakhshan",2010,6,18,38.432174,70.801936,Afghanistan,6,wet snow avalanche,N,0,0,0,,,AKAH-A
"Nusai Center, Nusai, Badakhshan",2017,1,30,38.44327661,70.80503587,Afghanistan,6,slab avalanche,N,0,NA,0,,,AKAH-A
"Nusai Center, Nusai, Badakhshan",2018,2,16,38.44327661,70.80503587,Afghanistan,6,slab avalanche,N,0,NA,0,,,AKAH-A
"Nusai Center, Nusai, Badakhshan",2022,3,9,38.44327661,70.80503587,Afghanistan,6,slab avalanche,N,0,NA,0,,,AKAH-A
"Sari Jaway, Nusai, Badakhshan",2017,2,15,38.443056,70.805556,Afghanistan,6,slab avalanche,N,0,NA,0,,,AKAH-A
"Badamak, Nusai, Badakhshan",2017,2,15,38.443056,70.805556,Afghanistan,6,slab avalanche,N,0,NA,0,,,AKAH-A
"Badshar, Nusai, Badakhshan",2017,2,19,38.443056,70.805556,Afghanistan,6,slab avalanche,N,0,NA,0,,,AKAH-A
"wodab  Shuriyan, Nusai, Badakhshan",2019,1,25,38.438915,70.809476,Afghanistan,6,slab avalanche,N,0,NA,0,,,AKAH-A
"Khurkat-Shuriyan, Nusai, Badakhshan",2019,1,21,38.438915,70.809476,Afghanistan,6,slab avalanche,Y,1,NA,0,,1 persons injured,AKAH-A
"Darjaway, Nusai, Badakhshan",2020,2,11,38.433648,70.809719,Afghanistan,6,slab avalanche,N,0,NA,0,,,AKAH-A
"Meyandeh (Nusai), Nusai, Badakhshan",2018,2,15,38.28039501,70.81273485,Afghanistan,6,slab avalanche,N,0,NA,0,,,AKAH-A
"Meyandeh (Nusai), Nusai, Badakhshan",2020,1,14,38.28039501,70.81273485,Afghanistan,6,slab avalanche,N,0,NA,0,,,AKAH-A
"Meyandeh (Nusai), Nusai, Badakhshan",2020,1,14,38.28039501,70.81273485,Afghanistan,6,slab avalanche,N,0,NA,0,,,AKAH-A
"Darjaway, Nusai, Badakhshan",2020,2,12,38.28039501,70.81273485,Afghanistan,6,slab avalanche,N,0,NA,0,,,AKAH-A
"Meyandeh (Nusai), Nusai, Badakhshan",2021,3,11,38.28039501,70.81273485,Afghanistan,6,slab avalanche,N,0,NA,0,,,AKAH-A
"Mah-e-naw, Maimai, Badakhshan",2021,3,17,38.28039501,70.81273485,Afghanistan,6,slab avalanche,N,0,NA,0,,,AKAH-A
"Mah-e-naw, Maimai, Badakhshan",2021,3,28,38.28039501,70.81273485,Afghanistan,6,slab avalanche,N,0,NA,0,,,AKAH-A
"Meyandeh (Nusai), Nusai, Badakhshan",2021,3,28,38.28039501,70.81273485,Afghanistan,6,slab avalanche,Y,0,NA,10,,,AKAH-A
"Meyandeh (Nusai), Nusai, Badakhshan",2022,1,4,38.28039501,70.81273485,Afghanistan,6,slab avalanche,N,0,NA,0,,,AKAH-A
"Meyanadeh, Shukai, Badakhshan",2017,2,4,38.28142,70.81297,Afghanistan,6,slab avalanche,Y,0,3,0,,3 persons injured,AKAH-A
"Sari Deh, Nusai, Badakhshan",2019,1,17,38.44268138,70.81668013,Afghanistan,6,slab avalanche,N,0,NA,0,,,AKAH-A
"Sari Deh, Nusai, Badakhshan",2021,2,22,38.44268138,70.81668013,Afghanistan,6,slab avalanche,N,0,NA,0,,,AKAH-A
"Sari Deh, Nusai, Badakhshan",2021,2,24,38.44268138,70.81668013,Afghanistan,6,slab avalanche,N,0,NA,0,,,AKAH-A
"Sari Deh, Nusai, Badakhshan",2022,3,8,38.44268138,70.81668013,Afghanistan,6,slab avalanche,N,0,NA,0,,,AKAH-A
"Sari Deh, Nusai, Badakhshan",2022,3,11,38.44268138,70.81668013,Afghanistan,6,slab avalanche,N,0,NA,0,,,AKAH-A
"Kerawar (Jawaidara), Nusai, Badakhshan",2018,2,16,38.29129628,70.82110851,Afghanistan,6,slab avalanche,N,0,NA,0,,,AKAH-A
"Kerawar (Jawaidara), Nusai, Badakhshan",2018,2,16,38.29129628,70.82110851,Afghanistan,6,slab avalanche,N,0,NA,0,,,AKAH-A
"Newar, Nusai, Badakhshan",2020,12,27,38.31041796,70.83008874,Afghanistan,6,slab avalanche,N,0,NA,0,,,AKAH-A
Shuraki Kapali catchment,2016,8,28,38.972,70.835,Tajikistan,6,glacier detachment,Y,0,0,0,,"swept away few cattles, destroyed 10 buildings, bridge,  avalanche passes through the villages of Fathobod and Kapali","(Leinss et al., 2021)"
Shuraki Kapali catchment,2019,6,21,38.971146,70.835875,Tajikistan,6,glacier detachment,N,0,0,0,,between 21-23 June,"(Leinss et al., 2021)"
Shuraki Kapali catchment,2019,6,26,38.971146,70.835875,Tajikistan,6,glacier detachment,N,0,0,0,,between 26 Jun - July 1,"(Leinss et al., 2021)"
Shuraki Kapali catchment,1994,NA,NA,38.975,70.839,Tajikistan,6,glacier detachment,N,0,0,0,,,"(Leinss et al., 2021)"
"Khughaz, Nusai, Badakhshan",2017,1,30,38.413002,70.839546,Afghanistan,6,slab avalanche,N,0,NA,0,,,AKAH-A
"Aroon, Nusai, Badakhshan",2017,1,29,38.30569,70.83967,Afghanistan,6,slab avalanche,N,0,NA,0,,,AKAH-A
"Aroon, Nusai, Badakhshan",2017,2,16,38.30569,70.83967,Afghanistan,6,slab avalanche,N,0,NA,0,,,AKAH-A
"Aroon, Nusai, Badakhshan",2020,12,27,38.30569,70.83967,Afghanistan,6,slab avalanche,N,0,NA,0,,,AKAH-A
"Aroon, Nusai, Badakhshan",2022,1,5,38.30569,70.83967,Afghanistan,6,slab avalanche,N,0,NA,0,,,AKAH-A
Shuraki Kapali catchment,2004,NA,NA,38.972831,70.840745,Tajikistan,6,glacier detachment,N,0,0,0,,,"(Leinss et al., 2021)"
Shuraki Kapali catchment,2010,9,NA,38.972831,70.840745,Tajikistan,6,glacier detachment,N,0,0,0,,,"(Leinss et al., 2021)"
"Sedya-e-Payan, Nusai, Badakhshan",2017,2,5,38.3146657,70.84118473,Afghanistan,6,slab avalanche,N,0,NA,0,,,AKAH-A
Shuraki Kapali catchment,2003,9,NA,38.969984,70.845789,Tajikistan,6,glacier detachment,N,0,0,0,,,"(Leinss et al., 2021)"
Shuraki Kapali catchment,2003,8,,38.969984,70.845789,Tajikistan,6,glacier detachment,N,0,0,0,,,"(Leinss et al., 2021)"
Shuraki Kapali catchment,2016,7,NA,38.969984,70.845789,Tajikistan,6,glacier detachment,N,0,0,0,,,"(Leinss et al., 2021)"
"Panam, Kuran wa Munjan, Badakhshan",2021,3,28,35.83943116,70.84646298,Afghanistan,8,slab avalanche,N,0,NA,0,,,AKAH-A
Rasht,2017,7,10,38.975,70.85,Tajikistan,6,glacier detachment,N,0,0,,,in between 10-11 July,"(K‰‰b et al., 2021)"
"Rawand (Nusai), Nusai, Badakhshan",2017,1,29,38.33087591,70.85293008,Afghanistan,6,slab avalanche,N,0,NA,0,,,AKAH-A
"Rawand (Nusai), Nusai, Badakhshan",2017,2,5,38.33087591,70.85293008,Afghanistan,6,slab avalanche,Y,0,4,0,,4 persons injured,AKAH-A
"Wujmi Payan, Nusai, Badakhshan",2022,3,14,38.3669264,70.85319222,Afghanistan,6,slab avalanche,N,0,NA,0,,,AKAH-A
"Wujmi Payan, Nusai, Badakhshan",2022,3,19,38.3669264,70.85319222,Afghanistan,6,slab avalanche,N,0,NA,0,,,AKAH-A
"Parkhekh, Nusai, Badakhshan",2017,2,16,38.33384096,70.86374806,Afghanistan,6,slab avalanche,N,0,NA,0,,,AKAH-A
"Parkhekh, Nusai, Badakhshan",2017,2,16,38.33384096,70.86374806,Afghanistan,6,slab avalanche,N,0,NA,0,,,AKAH-A
"Parkhekh, Nusai, Badakhshan",2022,3,12,38.33384096,70.86374806,Afghanistan,6,slab avalanche,N,0,NA,0,,,AKAH-A
"Ullarep, Jurm, Badakhshan",2017,2,1,36.80525794,70.86590659,Afghanistan,8,slab avalanche,N,0,NA,0,,,AKAH-A
"Paryad, Nusai, Badakhshan",2022,3,13,38.44345329,70.89664456,Afghanistan,6,slab avalanche,N,0,NA,0,,,AKAH-A
Nuristan,2017,2,4,35.317202,70.898674,Afghanistan,8,NA,Y,137,NA,NA,,,Afghanistan avalanches death toll passes 135 | Afghanistan | The Guardian
"Kalan Dara, Arghanj Khaw, Badakhshan",2015,2,23,37.349983,70.9095,Afghanistan,6,slab avalanche,N,0,NA,0,,,AKAH-A
"Arward, Nusai, Badakhshan",2017,3,26,38.33838882,70.91045888,Afghanistan,6,slab avalanche,Y,0,NA,15,,,AKAH-A
"Arward, Nusai, Badakhshan",2019,1,16,38.33838882,70.91045888,Afghanistan,6,slab avalanche,N,0,NA,0,,,AKAH-A
"Ubaghn, Nusai, Badakhshan",2017,1,24,38.42881139,70.93050899,Afghanistan,6,slab avalanche,N,0,NA,0,,,AKAH-A
"Ubaghn, Nusai, Badakhshan",2017,3,21,38.42881139,70.93050899,Afghanistan,6,slab avalanche,N,0,NA,0,,,AKAH-A
"Ubaghn, Nusai, Badakhshan",2017,4,1,38.42881139,70.93050899,Afghanistan,6,wet snow avalanche,N,0,NA,0,,,AKAH-A
"Ubaghn, Nusai, Badakhshan",2017,2,5,38.42881139,70.93050899,Afghanistan,6,slab avalanche,Y,0,NA,3,,,AKAH-A
"Ubaghn, Nusai, Badakhshan",2018,2,16,38.42881139,70.93050899,Afghanistan,6,slab avalanche,N,0,NA,0,,,AKAH-A
"Ubaghn, Nusai, Badakhshan",2018,2,16,38.42881139,70.93050899,Afghanistan,6,slab avalanche,N,0,NA,0,,,AKAH-A
"Ubaghn, Shukai, Badakhshan",2019,1,14,38.42881139,70.93050899,Afghanistan,6,slab avalanche,N,0,NA,0,,,AKAH-A
"Ubaghn, Nusai, Badakhshan",2019,2,14,38.42881139,70.93050899,Afghanistan,6,slab avalanche,N,0,NA,0,,,AKAH-A
"Ubaghn, Nusai, Badakhshan",2021,3,13,38.42881139,70.93050899,Afghanistan,6,slab avalanche,N,0,NA,0,,,AKAH-A
"Ubaghn, Nusai, Badakhshan",2021,3,29,38.42881139,70.93050899,Afghanistan,6,slab avalanche,N,0,NA,0,,,AKAH-A
"Ubaghn, Nusai, Badakhshan",2022,1,4,38.42881139,70.93050899,Afghanistan,6,slab avalanche,N,0,NA,0,,,AKAH-A
"Ubaghn, Nusai, Badakhshan",2022,2,23,38.42881139,70.93050899,Afghanistan,6,slab avalanche,N,0,NA,0,,,AKAH-A
"Ubaghn, Nusai, Badakhshan",2022,3,9,38.42881139,70.93050899,Afghanistan,6,slab avalanche,N,0,NA,0,,,AKAH-A
"Ubaghn, Nusai, Badakhshan",2022,3,11,38.42881139,70.93050899,Afghanistan,6,slab avalanche,N,0,NA,0,,,AKAH-A
"Ubaghn, Nusai, Badakhshan",2022,3,13,38.42881139,70.93050899,Afghanistan,6,slab avalanche,N,0,NA,0,,,AKAH-A
"Ubaghn, Nusai, Badakhshan",2022,3,18,38.42881139,70.93050899,Afghanistan,6,slab avalanche,N,0,NA,0,,,AKAH-A
"Sakhach wa Zonun, Nusai, Badakhshan",2018,2,16,38.42942,70.930809,Afghanistan,6,slab avalanche,N,0,NA,0,,,AKAH-A
"Jogani, Nusai, Badakhshan",2018,2,16,38.42942,70.930809,Afghanistan,6,slab avalanche,N,0,NA,0,,,AKAH-A
Badakhshan ,2012,3,4,38.2,70.933333,Afghanistan,6,snow avalanche,Y,196,NA,NA,,death toll from 4th to 8th,https://reliefweb.int/report/afghanistan/north-eastern-kunduz-office-badakhshan-avalanche-incident-report-no-3
"Manikhawr, Shukai, Badakhshan",2012,6,18,38.199556,70.93725,Afghanistan,6,wet snow avalanche,N,0,NA,0,,,AKAH-A
"Jarf, Shukai, Badakhshan",2019,1,15,38.199556,70.93725,Afghanistan,6,slab avalanche,N,0,NA,0,,,AKAH-A
"Charsang, Arghanj Khaw, Badakhshan",2015,2,23,37.366943,70.940552,Afghanistan,6,slab avalanche,N,0,NA,0,,,AKAH-A
"Charmaghzistan, Yamgan, Badakhshan",2015,2,19,36.52050784,70.96666463,Afghanistan,8,slab avalanche,N,0,NA,0,,,AKAH-A
"Shagoon, Maimai, Badakhshan",2019,1,17,38.39655,71.027232,Afghanistan,6,slab avalanche,N,0,NA,0,,,AKAH-A
"Ghuzmurgh, Baharak, Badakhshan",2015,2,13,37.033821,71.027527,Afghanistan,6,slab avalanche,Y,2,3,0,,3 persons injured,AKAH-A
"Rizway, Maimai, Badakhshan",2018,2,16,38.44370355,71.03258226,Afghanistan,6,slab avalanche,N,0,NA,0,,,AKAH-A
"Dehkha, Shukai, Badakhshan",2018,2,14,37.65236,71.03805,Afghanistan,6,slab avalanche,N,0,NA,0,,,AKAH-A
"Dehkha, Shukai, Badakhshan",2018,2,16,37.65236,71.03805,Afghanistan,6,slab avalanche,N,0,NA,0,,,AKAH-A
"Dehkha, Shukai, Badakhshan",2018,3,13,37.65236,71.03805,Afghanistan,6,slab avalanche,N,0,NA,0,,,AKAH-A
"Dehkha, Shukai, Badakhshan",2019,1,12,37.65236,71.03805,Afghanistan,6,slab avalanche,N,0,NA,0,,,AKAH-A
"Dehkha, Shukai, Badakhshan",2019,3,28,37.65236,71.03805,Afghanistan,6,slab avalanche,N,0,NA,0,,,AKAH-A
"Dehkha, Shukai, Badakhshan",2020,1,7,37.65236,71.03805,Afghanistan,6,slab avalanche,N,0,NA,0,,,AKAH-A
"Dawlat Shahi, Arghanj khaw, Badakhshan",2020,1,11,37.65236,71.03805,Afghanistan,6,slab avalanche,Y,1,NA,0,,,AKAH-A
"Dawlat shayee, Arghanj  khaw, Badakhshan",2021,4,6,37.65236,71.03805,Afghanistan,6,wet snow avalanche,Y,1,NA,0,,,AKAH-A
"Sarchashmai Markazi, Maimai, Badakhshan",2019,1,17,38.40432232,71.04711317,Afghanistan,6,slab avalanche,N,0,NA,0,,,AKAH-A
"Charbagh, Maimai, Badakhshan",2018,2,16,38.40394443,71.05096168,Afghanistan,6,slab avalanche,N,0,NA,0,,,AKAH-A
"Sarchashma, Maimai, Badakhshan",2018,2,27,38.39520149,71.06269243,Afghanistan,6,slab avalanche,N,0,NA,0,,,AKAH-A
"Sarchashma, Maimai, Badakhshan",2019,1,9,38.39520149,71.06269243,Afghanistan,6,slab avalanche,Y,0,3,0,,3 persons injured,AKAH-A
"Sarchashma, Maimai, Badakhshan",2019,1,17,38.39520149,71.06269243,Afghanistan,6,slab avalanche,Y,0,1,0,,1 person injured,AKAH-A
"Sarchashma, Maimai, Badakhshan",2020,2,12,38.39520149,71.06269243,Afghanistan,6,slab avalanche,N,0,NA,0,,,AKAH-A
"Sarchashmai Markazi, Maimai, Badakhshan",2021,2,9,38.39520149,71.06269243,Afghanistan,6,slab avalanche,N,0,NA,0,,,AKAH-A
"Kughaz, Maimai, Badakhshan",2017,3,25,38.39066741,71.07082108,Afghanistan,6,slab avalanche,N,0,NA,0,,,AKAH-A
"Kughaz, Maimai, Badakhshan",2019,1,16,38.39066741,71.07082108,Afghanistan,6,slab avalanche,Y,0,5,0,,5 persons injured,AKAH-A
"Wereezn (Shighnan), Shighnan, Badakhshan",2022,3,12,38.41402569,71.08163064,Afghanistan,6,slab avalanche,N,0,NA,0,,,AKAH-A
Jirgital,2006,1,30,39.405905,71.091765,Tajikistan,5,snow avalanche,Y,18,12,NA,,,https://reliefweb.int/report/tajikistan/tajikistan-18-people-killed-avalanche
"Rawand Sharist, Maimai, Badakhshan",2017,1,30,37.82731998,71.09525999,Afghanistan,6,slab avalanche,N,0,NA,0,,,AKAH-A
"Rawand Sharist, Maimai, Badakhshan",2017,2,16,37.82731998,71.09525999,Afghanistan,6,slab avalanche,N,0,NA,0,,,AKAH-A
"Rawand Sharist, Maimai, Badakhshan",2018,2,15,37.82731998,71.09525999,Afghanistan,6,slab avalanche,N,0,NA,0,,,AKAH-A
"Rawand Sharist, Maimai, Badakhshan",2021,3,17,37.82731998,71.09525999,Afghanistan,6,slab avalanche,N,0,NA,0,,,AKAH-A
"Khuf (Warfad), Maimai, Badakhshan",2019,1,19,37.982926,71.100024,Afghanistan,6,slab avalanche,N,0,NA,0,,,AKAH-A
"Khuf, Maimai, Badakhshan",2021,3,29,37.982926,71.100024,Afghanistan,6,slab avalanche,N,0,NA,0,,,AKAH-A
"Zodo Badoof, Arghanj Khaw, Badakhshan",2010,6,18,37.70279,71.10715,Afghanistan,6,wet snow avalanche,N,0,0,0,,,AKAH-A
"Zood Raban, Arghanj Khaw, Badakhshan",2016,1,13,37.70279,71.10715,Afghanistan,6,slab avalanche,Y,3,NA,0,,,AKAH-A
"Payanshar, Maimai, Badakhshan",2017,2,17,38.38890359,71.12543586,Afghanistan,6,slab avalanche,N,0,NA,0,,,AKAH-A
"Jashtak, Maimai, Badakhshan",2015,1,12,38.39735823,71.12691572,Afghanistan,6,slab avalanche,Y,2,1,0,,1 persons injured,AKAH-A
"Jashtak, Maimai, Badakhshan",2019,1,16,38.39735823,71.12691572,Afghanistan,6,slab avalanche,N,0,NA,0,,,AKAH-A
"Dad Ali, Arghanj Khaw, Badakhshan",2012,6,28,37.36279406,71.13172483,Afghanistan,6,wet snow avalanche,N,0,NA,0,,,AKAH-A
"Panjai Mard, Maimai, Badakhshan",2017,2,15,37.87968282,71.1354013,Afghanistan,6,slab avalanche,N,0,NA,0,,,AKAH-A
"Panjai Mard, Maimai, Badakhshan",2017,2,15,37.87968282,71.1354013,Afghanistan,6,slab avalanche,N,0,NA,0,,,AKAH-A
"Panjai Mard, Maimai, Badakhshan",2017,2,15,37.87968282,71.1354013,Afghanistan,6,slab avalanche,N,0,NA,0,,,AKAH-A
"Panjai Mard, Maimai, Badakhshan",2017,2,15,37.87968282,71.1354013,Afghanistan,6,slab avalanche,N,0,NA,0,,,AKAH-A
"Panjai Mard, Maimai, Badakhshan",2017,2,18,37.87968282,71.1354013,Afghanistan,6,slab avalanche,N,0,NA,0,,,AKAH-A
"Panjai Mard, Maimai, Badakhshan",2017,2,18,37.87968282,71.1354013,Afghanistan,6,slab avalanche,N,0,NA,0,,,AKAH-A
"Panjai Mard, Maimai, Badakhshan",2017,2,18,37.87968282,71.1354013,Afghanistan,6,slab avalanche,N,0,NA,0,,,AKAH-A
"Panjai Mard, Maimai, Badakhshan",2019,1,14,37.87968282,71.1354013,Afghanistan,6,slab avalanche,N,0,NA,0,,,AKAH-A
"Panjai Mard, Maimai, Badakhshan",2021,3,28,37.87968282,71.1354013,Afghanistan,6,slab avalanche,N,0,NA,0,,,AKAH-A
"Mah-e-naw, Maimai, Badakhshan",2017,1,29,38.37854808,71.13644111,Afghanistan,6,slab avalanche,N,0,NA,0,,,AKAH-A
"Mah-e-naw, Maimai, Badakhshan",2017,1,30,38.37854808,71.13644111,Afghanistan,6,slab avalanche,N,0,NA,0,,,AKAH-A
"Mah-e-naw, Maimai, Badakhshan",2017,2,1,38.37854808,71.13644111,Afghanistan,6,slab avalanche,N,0,NA,0,,,AKAH-A
"Mah-e-naw, Maimai, Badakhshan",2017,2,17,38.37854808,71.13644111,Afghanistan,6,slab avalanche,N,0,NA,0,,,AKAH-A
"Mah-e-naw, Maimai, Badakhshan",2017,2,17,38.37854808,71.13644111,Afghanistan,6,slab avalanche,N,0,NA,0,,,AKAH-A
"Mah-e-naw, Maimai, Badakhshan",2017,2,16,38.37854808,71.13644111,Afghanistan,6,slab avalanche,Y,0,NA,10,,,AKAH-A
"Mah-e-naw, Maimai, Badakhshan",2017,2,18,38.37854808,71.13644111,Afghanistan,6,slab avalanche,Y,0,NA,23,,,AKAH-A
"Mah-e-naw, Maimai, Badakhshan",2019,4,4,38.37854808,71.13644111,Afghanistan,6,wet snow avalanche,Y,0,NA,10,,,AKAH-A
"Mah-e-naw, Maimai, Badakhshan",2020,2,19,38.37854808,71.13644111,Afghanistan,6,slab avalanche,N,0,NA,0,,,AKAH-A
"Mah-e-naw, Maimai, Badakhshan",2022,2,6,38.37854808,71.13644111,Afghanistan,6,slab avalanche,N,0,NA,0,,,AKAH-A
"Mah-e-naw, Maimai, Badakhshan",2022,3,10,38.37854808,71.13644111,Afghanistan,6,slab avalanche,N,0,NA,0,,,AKAH-A
"Mah-e-naw, Maimai, Badakhshan",2022,3,12,38.37854808,71.13644111,Afghanistan,6,slab avalanche,N,0,NA,0,,,AKAH-A
"Parabir, Maimai, Badakhshan",2015,2,26,37.88205998,71.14416998,Afghanistan,6,slab avalanche,Y,9,3,0,,3 persons injured,AKAH-A
"Parabir(Khizraw), Maimai, Badakhshan",2017,1,29,37.88205998,71.14416998,Afghanistan,6,slab avalanche,N,0,NA,0,,,AKAH-A
"Parabir, Maimai, Badakhshan",2017,1,30,37.88205998,71.14416998,Afghanistan,6,slab avalanche,N,0,NA,0,,,AKAH-A
"Rawand (Nusai), Nusai, Badakhshan",2017,1,30,37.88205998,71.14416998,Afghanistan,6,slab avalanche,N,0,NA,0,,,AKAH-A
"Parabir(Khizraw), Maimai, Badakhshan",2017,2,15,37.88205998,71.14416998,Afghanistan,6,slab avalanche,N,0,NA,0,,,AKAH-A
"Parabir, Maimai, Badakhshan",2017,2,18,37.88205998,71.14416998,Afghanistan,6,slab avalanche,N,0,NA,0,,,AKAH-A
"Parabir, Maimai, Badakhshan",2017,2,19,37.88205998,71.14416998,Afghanistan,6,slab avalanche,N,0,NA,0,,,AKAH-A
"Parabir, Maimai, Badakhshan",2019,1,14,37.88205998,71.14416998,Afghanistan,6,slab avalanche,N,0,NA,0,,,AKAH-A
"Parabir, Maimai, Badakhshan",2020,1,12,37.88205998,71.14416998,Afghanistan,6,slab avalanche,N,0,NA,0,,,AKAH-A
"Parabir, Maimai, Badakhshan",2020,1,12,37.88205998,71.14416998,Afghanistan,6,slab avalanche,N,0,NA,0,,,AKAH-A
"Parabir, Maimai, Badakhshan",2020,1,12,37.88205998,71.14416998,Afghanistan,6,slab avalanche,N,0,NA,0,,,AKAH-A
"Parabir, Maimai, Badakhshan",2020,1,12,37.88205998,71.14416998,Afghanistan,6,slab avalanche,N,0,NA,0,,,AKAH-A
"Parabir, Maimai, Badakhshan",2020,1,13,37.88205998,71.14416998,Afghanistan,6,slab avalanche,N,0,NA,0,,,AKAH-A
"Parabir, Maimai, Badakhshan",2022,1,19,37.88205998,71.14416998,Afghanistan,6,slab avalanche,N,0,NA,0,,,AKAH-A
"Madakhirs, Maimai, Badakhshan",2018,2,15,37.891129,71.148026,Afghanistan,6,slab avalanche,N,0,NA,0,,,AKAH-A
"Tupdara 1(DaraiSher), Maimai, Badakhshan",2021,3,14,37.99264246,71.16121548,Afghanistan,6,slab avalanche,N,0,NA,0,,,AKAH-A
"Dara-e-Sher, Maimai, Badakhshan",2017,2,6,38.00164835,71.16781936,Afghanistan,6,slab avalanche,N,0,NA,0,,,AKAH-A
"Sanglizh, Zebak, Badakhshan",2017,1,30,36.30173037,71.18748765,Afghanistan,8,slab avalanche,N,0,NA,0,,,AKAH-A
"Dara-e-Sher, Maimai, Badakhshan",2017,2,16,37.95531998,71.20039998,Afghanistan,6,slab avalanche,N,0,NA,0,,,AKAH-A
"Dara-e-Sher, Maimai, Badakhshan",2017,2,16,37.95531998,71.20039998,Afghanistan,6,slab avalanche,N,0,NA,0,,,AKAH-A
"Dara-e-Sher, Maimai, Badakhshan",2017,2,16,37.95531998,71.20039998,Afghanistan,6,slab avalanche,N,0,NA,0,,,AKAH-A
"Aylaq-i-Khodun (Tupdara 2)(DaraiSher), Maimai, Badakhshan",2017,1,29,37.954739,71.20047,Afghanistan,6,slab avalanche,N,0,NA,0,,,AKAH-A
"Aylaq-i-Khodun (Tupdara 2)(DaraiSher), Maimai, Badakhshan",2017,2,6,37.954739,71.20047,Afghanistan,6,slab avalanche,N,0,NA,0,,,AKAH-A
"Tanshive, Maimai, Badakhshan",2015,4,3,37.953445,71.201614,Afghanistan,6,wet snow avalanche,N,0,NA,0,,,AKAH-A
"Sarchashma, Maimai, Badakhshan",2017,2,19,38.05394852,71.22242925,Afghanistan,6,slab avalanche,N,0,NA,0,,,AKAH-A
"Sarchashma, Maimai, Badakhshan",2017,2,15,38.05394852,71.22242925,Afghanistan,6,slab avalanche,Y,0,6,0,,6 persons injured,AKAH-A
"Sarchashma, Maimai, Badakhshan",2022,3,13,38.05394852,71.22242925,Afghanistan,6,slab avalanche,N,0,NA,0,,,AKAH-A
"Pitab (Warv), Maimai, Badakhshan",2022,3,13,38.07309998,71.22765998,Afghanistan,6,slab avalanche,N,0,NA,0,,,AKAH-A
"Dara-e-Sher, Maimai, Badakhshan",2018,2,15,37.98764765,71.2352556,Afghanistan,6,slab avalanche,N,0,NA,0,,,AKAH-A
"Dara-e-Sher, Maimai, Badakhshan",2019,3,28,37.98764765,71.2352556,Afghanistan,6,slab avalanche,N,0,NA,0,,,AKAH-A
"Dara-e-Sher, Maimai, Badakhshan",2022,1,20,37.98764765,71.2352556,Afghanistan,6,slab avalanche,N,0,NA,0,,,AKAH-A
"Dara-e-Sher, Maimai, Badakhshan",2022,3,13,37.98764765,71.2352556,Afghanistan,6,slab avalanche,N,0,NA,0,,,AKAH-A
"Barghud, Maimai, Badakhshan",2017,2,4,38.15540589,71.23988017,Afghanistan,6,slab avalanche,Y,10,12,0,,12 persons injured,AKAH-A
"Barghud, Maimai, Badakhshan",2018,2,15,38.15540589,71.23988017,Afghanistan,6,slab avalanche,N,0,NA,0,,,AKAH-A
"Budardha, Ishkashim, Badakhshan",2019,1,16,38.15540589,71.23988017,Afghanistan,6,slab avalanche,N,0,NA,0,,,AKAH-A
"Barghud, Maimai, Badakhshan",2019,1,16,38.15540589,71.23988017,Afghanistan,6,slab avalanche,N,0,NA,0,,,AKAH-A
"Barghud, Maimai, Badakhshan",2022,1,16,38.15540589,71.23988017,Afghanistan,6,slab avalanche,N,0,NA,0,,,AKAH-A
"Barghud, Maimai, Badakhshan",2022,3,9,38.15540589,71.23988017,Afghanistan,6,slab avalanche,N,0,NA,0,,,AKAH-A
"Barghud, Maimai, Badakhshan",2022,3,17,38.15540589,71.23988017,Afghanistan,6,slab avalanche,N,0,NA,0,,,AKAH-A
Zhambyl,2017,2,17,42.915143,71.251291,Kazakhstan,NA,NA,Y,7,NA,NA,,,https://reliefweb.int/report/tajikistan/deadly-avalanches-hit-central-asia
"Eskitol, Zebak, Badakhshan",2015,2,26,36.4148568,71.27231165,Afghanistan,8,slab avalanche,Y,0,1,0,,1 person injured,AKAH-A
"Begaw (Warv), Maimai, Badakhshan",2016,12,29,38.16416487,71.27446846,Afghanistan,6,slab avalanche,N,0,NA,0,,,AKAH-A
"Begaw, Maimai, Badakhshan",2017,2,16,38.16416487,71.27446846,Afghanistan,6,slab avalanche,N,0,NA,0,,,AKAH-A
"Begaw, Maimai, Badakhshan",2020,2,21,38.16416487,71.27446846,Afghanistan,6,slab avalanche,N,0,NA,0,,,AKAH-A
"Begaw, Maimai, Badakhshan",2020,2,12,38.16416487,71.27446846,Afghanistan,6,slab avalanche,Y,0,1,0,,1 persons injured,AKAH-A
"Begaw (Warv), Maimai, Badakhshan",2022,3,13,38.16416487,71.27446846,Afghanistan,6,slab avalanche,N,0,NA,0,,,AKAH-A
"Yasech, Shuhada, Badakhshan",2022,3,19,37.05353964,71.28120585,Afghanistan,6,slab avalanche,N,0,NA,0,,,AKAH-A
"Qala, Maimai, Badakhshan",2017,2,19,38.14023376,71.28578929,Afghanistan,6,slab avalanche,N,0,NA,0,,,AKAH-A
"Rawand (Maimai), Maimai, Badakhshan",2017,1,29,38.04420291,71.28768752,Afghanistan,6,slab avalanche,N,0,NA,0,,,AKAH-A
"Rawand (Maimai), Maimai, Badakhshan",2017,2,16,38.04420291,71.28768752,Afghanistan,6,slab avalanche,N,0,NA,0,,,AKAH-A
"Rawand Sharist, Maimai, Badakhshan",2019,1,8,38.04420291,71.28768752,Afghanistan,6,slab avalanche,N,0,NA,0,,,AKAH-A
"Rawand (Nusai), Nusai, Badakhshan",2019,1,9,38.04420291,71.28768752,Afghanistan,6,slab avalanche,N,0,NA,0,,,AKAH-A
"Rawand (Nusai), Nusai, Badakhshan",2019,1,12,38.04420291,71.28768752,Afghanistan,6,slab avalanche,N,0,NA,0,,,AKAH-A
"Rawand (Maimai), Maimai, Badakhshan",2019,3,19,38.04420291,71.28768752,Afghanistan,6,slab avalanche,Y,1,NA,0,,,AKAH-A
"Rawand (Maimai), Maimai, Badakhshan",2021,3,10,38.04420291,71.28768752,Afghanistan,6,slab avalanche,N,0,NA,0,,,AKAH-A
"Rawand (Maimai), Maimai, Badakhshan",2022,2,7,38.04420291,71.28768752,Afghanistan,6,slab avalanche,N,0,NA,0,,,AKAH-A
"Rawand (Maimai), Maimai, Badakhshan",2022,3,8,38.04420291,71.28768752,Afghanistan,6,slab avalanche,N,0,NA,0,,,AKAH-A
"Rawand (Maimai), Maimai, Badakhshan",2022,3,9,38.04420291,71.28768752,Afghanistan,6,slab avalanche,N,0,NA,0,,,AKAH-A
"Rawand (Maimai), Maimai, Badakhshan",2022,3,13,38.04420291,71.28768752,Afghanistan,6,slab avalanche,N,0,NA,0,,,AKAH-A
"Chasnood Payan, Shighnan, Badakhshan",2017,1,28,37.92229783,71.28799419,Afghanistan,6,slab avalanche,N,0,NA,0,,,AKAH-A
"Chasnood Payan, Shighnan, Badakhshan",2018,2,15,37.92229783,71.28799419,Afghanistan,6,slab avalanche,N,0,NA,0,,,AKAH-A
"Chasnood Payan, Shighnan, Badakhshan",2019,4,16,37.92229783,71.28799419,Afghanistan,6,wet snow avalanche,N,0,NA,0,,,AKAH-A
"Chasnood Payan, Shighnan, Badakhshan",2021,3,10,37.92229783,71.28799419,Afghanistan,6,slab avalanche,N,0,NA,0,,,AKAH-A
"Chasnood Payan, Shighnan, Badakhshan",2022,1,4,37.92229783,71.28799419,Afghanistan,6,slab avalanche,N,0,NA,0,,,AKAH-A
"Chasnood Payan, Shighnan, Badakhshan",2022,3,10,37.92229783,71.28799419,Afghanistan,6,slab avalanche,N,0,NA,0,,,AKAH-A
"Chasnood Payan, Shighnan, Badakhshan",2022,3,11,37.92229783,71.28799419,Afghanistan,6,slab avalanche,N,0,NA,0,,,AKAH-A
"Chasnood Payan, Shighnan, Badakhshan",2022,3,13,37.92229783,71.28799419,Afghanistan,6,slab avalanche,N,0,NA,0,,,AKAH-A
"Chasnood Payan, Shighnan, Badakhshan",2022,3,17,37.92229783,71.28799419,Afghanistan,6,slab avalanche,N,0,NA,0,,,AKAH-A
"Sadwadg, Maimai, Badakhshan",2022,2,7,38.01508612,71.28873703,Afghanistan,6,slab avalanche,N,0,NA,0,,,AKAH-A
"Sadwadg, Maimai, Badakhshan",2022,2,23,38.01508612,71.28873703,Afghanistan,6,slab avalanche,N,0,NA,0,,,AKAH-A
"Sadwadg, Maimai, Badakhshan",2022,3,13,38.01508612,71.28873703,Afghanistan,6,slab avalanche,N,0,NA,0,,,AKAH-A
"Horan Shahr Bala, Arghanjkhaw, badakhshan",2022,3,13,37.09024,71.2891,Afghanistan,6,slab avalanche,Y,1,1,0,,1 person injured,AKAH-A
"Besta Ched, Shighnan, Badakhshan",2015,2,21,37.364628,71.304352,Afghanistan,6,slab avalanche,N,0,NA,0,,,AKAH-A
"Dewlagh jamarch bala, Maimai, Badakhshan",2019,2,6,38.25618162,71.31471543,Afghanistan,6,slab avalanche,N,0,NA,0,,,AKAH-A
"Yarkh, Shighnan, Badakhshan",2018,2,15,37.90183083,71.31512981,Afghanistan,6,slab avalanche,N,0,NA,0,,,AKAH-A
"Yarkh, Shighnan, Badakhshan",2018,2,15,37.90183083,71.31512981,Afghanistan,6,slab avalanche,N,0,NA,0,,,AKAH-A
"Yarkh, Shighnan, Badakhshan",2022,2,7,37.90183083,71.31512981,Afghanistan,6,slab avalanche,N,0,NA,0,,,AKAH-A
"Dara-i-Gushdar-Raghsunyak, Maimai, Badakhshan",2017,1,28,38.26413891,71.31556917,Afghanistan,6,slab avalanche,N,0,NA,0,,,AKAH-A
"Dara-i-Gushdar-Raghsunyak, Maimai, Badakhshan",2018,2,16,38.269192,71.324997,Afghanistan,6,slab avalanche,N,0,NA,0,,,AKAH-A
"Shaikha, Shighnan, Badakhshan",2017,2,9,37.845228,71.33246833,Afghanistan,6,slab avalanche,N,0,NA,0,,,AKAH-A
"Shaikha, Shighnan, Badakhshan",2017,2,15,37.845228,71.33246833,Afghanistan,6,slab avalanche,N,0,NA,0,,,AKAH-A
"Shaikha, Shighnan, Badakhshan",2017,2,15,37.845228,71.33246833,Afghanistan,6,slab avalanche,N,0,NA,0,,,AKAH-A
"Shaikha, Shighnan, Badakhshan",2017,2,15,37.845228,71.33246833,Afghanistan,6,slab avalanche,N,0,NA,0,,,AKAH-A
"Shaikha, Shighnan, Badakhshan",2017,2,17,37.845228,71.33246833,Afghanistan,6,slab avalanche,N,0,NA,0,,,AKAH-A
"Amurn, Maimai, Badakhshan",2017,1,28,38.1958237,71.35879966,Afghanistan,6,slab avalanche,N,0,NA,0,,,AKAH-A
"Amurn, Maimai, Badakhshan",2022,3,9,38.1958237,71.35879966,Afghanistan,6,slab avalanche,N,0,NA,0,,,AKAH-A
"Gharib, Zebak, Badakhshan",2022,3,15,36.62633978,71.3673664,Afghanistan,6,slab avalanche,N,0,NA,0,,,AKAH-A
"Chawid, Shighnan, Badakhshan",2017,2,15,37.90039512,71.37838734,Afghanistan,6,slab avalanche,N,0,NA,0,,,AKAH-A
"Chawid, Shighnan, Badakhshan",2018,2,15,37.90039512,71.37838734,Afghanistan,6,slab avalanche,N,0,NA,0,,,AKAH-A
"Zwardara, Ishkashim, Badakhshan",2021,3,28,37.15763058,71.40714507,Afghanistan,6,slab avalanche,N,0,NA,0,,,AKAH-A
"Arakht, Shighnan, Badakhshan",2015,2,24,37.37671504,71.41200779,Afghanistan,6,slab avalanche,N,0,NA,0,,,AKAH-A
"Arakht, Shighnan, Badakhshan",2017,1,30,37.37671504,71.41200779,Afghanistan,6,slab avalanche,N,0,NA,0,,,AKAH-A
"Arakht, Shighnan, Badakhshan",2017,2,16,37.37671504,71.41200779,Afghanistan,6,slab avalanche,N,0,NA,0,,,AKAH-A
"Arakht, Shighnan, Badakhshan",2017,2,18,37.37671504,71.41200779,Afghanistan,6,slab avalanche,N,0,NA,0,,,AKAH-A
"Arakht, Shighnan, Badakhshan",2017,2,18,37.37671504,71.41200779,Afghanistan,6,slab avalanche,N,0,NA,0,,,AKAH-A
"Arakht, Shighnan, Badakhshan",2017,2,18,37.37671504,71.41200779,Afghanistan,6,slab avalanche,N,0,NA,0,,,AKAH-A
"Arakht, Shighnan, Badakhshan",2017,2,18,37.37671504,71.41200779,Afghanistan,6,slab avalanche,N,0,NA,0,,,AKAH-A
"Arakht, Shighnan, Badakhshan",2018,2,15,37.37671504,71.41200779,Afghanistan,6,slab avalanche,N,0,NA,0,,,AKAH-A
"Arakht, Shighnan, Badakhshan",2018,2,15,37.37671504,71.41200779,Afghanistan,6,slab avalanche,N,0,NA,0,,,AKAH-A
"Arakht, Shighnan, Badakhshan",2018,2,16,37.37671504,71.41200779,Afghanistan,6,slab avalanche,N,0,NA,0,,,AKAH-A
"Arakht, Shighnan, Badakhshan",2018,2,16,37.37671504,71.41200779,Afghanistan,6,slab avalanche,N,0,NA,0,,,AKAH-A
"Arakht, Shighnan, Badakhshan",2018,2,16,37.37671504,71.41200779,Afghanistan,6,slab avalanche,N,0,NA,0,,,AKAH-A
"Arakht, Shighnan, Badakhshan",2018,2,16,37.37671504,71.41200779,Afghanistan,6,slab avalanche,N,0,NA,0,,,AKAH-A
"Arakht, Shighnan, Badakhshan",2019,1,16,37.37671504,71.41200779,Afghanistan,6,slab avalanche,N,0,NA,0,,,AKAH-A
"Arakht, Shighnan, Badakhshan",2019,4,3,37.37671504,71.41200779,Afghanistan,6,wet snow avalanche,Y,0,NA,42,,,AKAH-A
"Arakht, Shighnan, Badakhshan",2020,12,28,37.37671504,71.41200779,Afghanistan,6,slab avalanche,N,0,NA,0,,,AKAH-A
"Arakht, Shighnan, Badakhshan",2021,2,9,37.37671504,71.41200779,Afghanistan,6,slab avalanche,N,0,NA,0,,,AKAH-A
"Arakht, Shighnan, Badakhshan",2021,3,28,37.37671504,71.41200779,Afghanistan,6,slab avalanche,N,0,NA,0,,,AKAH-A
"Arakht, Shighnan, Badakhshan",2022,1,5,37.37671504,71.41200779,Afghanistan,6,slab avalanche,N,0,NA,0,,,AKAH-A
"Arakht, Shighnan, Badakhshan",2022,2,6,37.37671504,71.41200779,Afghanistan,6,slab avalanche,N,0,NA,0,,,AKAH-A
"Arakht, Shighnan, Badakhshan",2022,2,22,37.37671504,71.41200779,Afghanistan,6,slab avalanche,N,0,NA,0,,,AKAH-A
"Arakht, Shighnan, Badakhshan",2022,2,22,37.37671504,71.41200779,Afghanistan,6,slab avalanche,N,0,NA,0,,,AKAH-A
"Arakht, Shighnan, Badakhshan",2022,3,3,37.37671504,71.41200779,Afghanistan,6,slab avalanche,N,0,NA,0,,,AKAH-A
"Arakht, Shighnan, Badakhshan",2022,3,12,37.37671504,71.41200779,Afghanistan,6,slab avalanche,N,0,NA,0,,,AKAH-A
"Arakht, Shighnan, Badakhshan",2022,3,15,37.37671504,71.41200779,Afghanistan,6,slab avalanche,N,0,NA,0,,,AKAH-A
"Arakht, Shighnan, Badakhshan",2022,3,16,37.37671504,71.41200779,Afghanistan,6,slab avalanche,N,0,NA,0,,,AKAH-A
"Showaldara, Ishkashim, Badakhshan",2017,1,28,36.66453431,71.424921,Afghanistan,6,slab avalanche,N,0,NA,0,,,AKAH-A
"Showaldara, Ishkashim, Badakhshan",2019,2,11,36.66453431,71.424921,Afghanistan,6,slab avalanche,Y,1,NA,0,,,AKAH-A
"Darmadar, Ishkashim, Badakhshan",2022,3,12,37.2183507,71.4280947,Afghanistan,6,slab avalanche,N,0,NA,0,,,AKAH-A
"Zich, Ishkashim, Badakhshan",2015,2,16,37.07705215,71.42827557,Afghanistan,6,slab avalanche,N,0,NA,0,,,AKAH-A
"Zich, Ishkashim, Badakhshan",2015,4,1,37.07705215,71.42827557,Afghanistan,6,wet snow avalanche,N,0,NA,0,,,AKAH-A
"Zich, Ishkashim, Badakhshan",2017,1,29,37.07705215,71.42827557,Afghanistan,6,slab avalanche,N,0,NA,0,,,AKAH-A
"Zich, Ishkashim, Badakhshan",2017,3,20,37.07705215,71.42827557,Afghanistan,6,slab avalanche,N,0,NA,0,,,AKAH-A
"Zich, Ishkashim, Badakhshan",2019,1,5,37.07705215,71.42827557,Afghanistan,6,slab avalanche,N,0,NA,0,,,AKAH-A
"Zich, Ishkashim, Badakhshan",2019,1,15,37.07705215,71.42827557,Afghanistan,6,slab avalanche,N,0,NA,0,,,AKAH-A
"Zich, Ishkashim, Badakhshan",2019,1,15,37.07705215,71.42827557,Afghanistan,6,slab avalanche,N,0,NA,0,,,AKAH-A
"Zich, Ishkashim, Badakhshan",2019,1,15,37.07705215,71.42827557,Afghanistan,6,slab avalanche,N,0,NA,0,,,AKAH-A
"Zich, Ishkashim, Badakhshan",2019,1,15,37.07705215,71.42827557,Afghanistan,6,slab avalanche,N,0,NA,0,,,AKAH-A
"Zich, Ishkashim, Badakhshan",2021,3,18,37.07705215,71.42827557,Afghanistan,6,slab avalanche,N,0,NA,0,,,AKAH-A
"Zich, Ishkashim, Badakhshan",2022,1,30,37.07705215,71.42827557,Afghanistan,6,slab avalanche,N,0,NA,0,,,AKAH-A
"Zich, Ishkashim, Badakhshan",2022,3,9,37.07705215,71.42827557,Afghanistan,6,slab avalanche,N,0,NA,0,,,AKAH-A
"Zich, Ishkashim, Badakhshan",2022,3,12,37.07705215,71.42827557,Afghanistan,6,slab avalanche,N,0,NA,0,,,AKAH-A
"Zich, Ishkashim, Badakhshan",2022,3,6,37.07705215,71.42827557,Afghanistan,6,slab avalanche,Y,1,3,13,,3 persons injured,AKAH-A
"Woned, Ishkashim, Badakhshan",2019,1,16,37.20888504,71.43451109,Afghanistan,6,slab avalanche,N,0,NA,0,,,AKAH-A
"Gharjween, Shighnan, Badakhshan",2017,2,18,37.47324555,71.43765879,Afghanistan,6,slab avalanche,N,0,NA,0,,,AKAH-A
"Safidsang, Ishkashim, Badakhshan",2019,2,14,37.21621746,71.43848157,Afghanistan,6,slab avalanche,N,0,NA,0,,,AKAH-A
"Yazgam, Shighnan, Badakhshan",2015,2,21,37.53808148,71.44571624,Afghanistan,6,slab avalanche,N,0,NA,0,,,AKAH-A
"Yazgam, Shighnan, Badakhshan",2017,1,28,37.53808148,71.44571624,Afghanistan,6,slab avalanche,N,0,NA,0,,,AKAH-A
"Yazgam, Shighnan, Badakhshan",2017,2,16,37.53808148,71.44571624,Afghanistan,6,slab avalanche,N,0,NA,0,,,AKAH-A
"Yazgam, Shighnan, Badakhshan",2017,2,16,37.53808148,71.44571624,Afghanistan,6,slab avalanche,N,0,NA,0,,,AKAH-A
"Yazgam, Shighnan, Badakhshan",2017,2,16,37.53808148,71.44571624,Afghanistan,6,slab avalanche,N,0,NA,0,,,AKAH-A
"Yazgam, Shighnan, Badakhshan",2017,2,16,37.53808148,71.44571624,Afghanistan,6,slab avalanche,N,0,NA,0,,,AKAH-A
"Yazgam, Shighnan, Badakhshan",2018,2,15,37.53808148,71.44571624,Afghanistan,6,slab avalanche,N,0,NA,0,,,AKAH-A
"Yazgam, Shighnan, Badakhshan",2018,2,16,37.53808148,71.44571624,Afghanistan,6,slab avalanche,N,0,NA,0,,,AKAH-A
"Yazgam, Shighnan, Badakhshan",2019,1,8,37.53808148,71.44571624,Afghanistan,6,slab avalanche,N,0,NA,0,,,AKAH-A
"Pajwar, Shighnan, Badakhshan",2017,2,16,37.91226003,71.44637022,Afghanistan,6,slab avalanche,N,0,NA,0,,,AKAH-A
"Andaj, Ishkashim, Badakhshan",2015,2,21,37.03103708,71.44824362,Afghanistan,6,slab avalanche,N,0,NA,0,,,AKAH-A
"Andaj, Ishkashim, Badakhshan",2018,12,29,37.03103708,71.44824362,Afghanistan,6,slab avalanche,Y,1,NA,0,,,AKAH-A
"Pishprind, Shughnan, Badakhshan",2016,2,10,37.616856,71.449766,Afghanistan,6,slab avalanche,N,0,NA,0,,,AKAH-A
"Shughnan, Shighnan, Badakhshan",2019,1,8,37.616856,71.449766,Afghanistan,6,slab avalanche,N,0,NA,0,,,AKAH-A
"Darmarakht, Shighnan, Badakhshan",2019,1,16,37.616856,71.449766,Afghanistan,6,slab avalanche,N,0,NA,0,,,AKAH-A
"Darmarakht, Shighnan, Badakhshan",2019,1,16,37.616856,71.449766,Afghanistan,6,slab avalanche,Y,0,1,0,,,AKAH-A
"Fenjan, Shighnan, Badakhshan",2018,2,15,37.342552,71.45874,Afghanistan,6,slab avalanche,N,0,NA,0,,,AKAH-A
"Meyandeh (Nusai), Nusai, Badakhshan",2017,1,30,37.33265932,71.45955,Afghanistan,6,slab avalanche,N,0,NA,0,,,AKAH-A
"Meyandeh (Nusai), Nusai, Badakhshan",2017,3,22,37.33265932,71.45955,Afghanistan,6,slab avalanche,N,0,NA,0,,,AKAH-A
"Meyanbar1, Shighnan, Badakhshan",2017,3,28,37.33265932,71.45955,Afghanistan,6,slab avalanche,Y,2,NA,0,,,AKAH-A
"Meyanbar1, Shighnan, Badakhshan",2021,1,21,37.33265932,71.45955,Afghanistan,6,slab avalanche,N,0,NA,0,,,AKAH-A
"Meyanbar1, Shighnan, Badakhshan",2021,2,9,37.33265932,71.45955,Afghanistan,6,slab avalanche,N,0,NA,0,,,AKAH-A
"Gulbagh, Ishkashim, Badakhshan",2017,1,29,37.2230776,71.46035306,Afghanistan,6,slab avalanche,N,0,NA,0,,,AKAH-A
"Gulbagh, Ishkashim, Badakhshan",2019,1,15,37.2230776,71.46035306,Afghanistan,6,slab avalanche,N,0,NA,0,,,AKAH-A
"Gulbagh, Ishkashim, Badakhshan",2019,1,15,37.2230776,71.46035306,Afghanistan,6,slab avalanche,N,0,NA,0,,,AKAH-A
"Bedarbun, Ishkashim, Badakhshan",2015,2,16,37.242458,71.470329,Afghanistan,6,slab avalanche,N,0,NA,0,,,AKAH-A
"Shahran (Shighnan), Shighnan, Badakhshan",2017,1,28,37.40570449,71.47398584,Afghanistan,6,slab avalanche,N,0,NA,0,,,AKAH-A
"Chasnood Bala, Shighnan, Badakhshan",2021,3,10,37.40570449,71.47398584,Afghanistan,6,slab avalanche,N,0,NA,0,,,AKAH-A
"Shahran (Shighnan), Shighnan, Badakhshan",2021,3,29,37.40570449,71.47398584,Afghanistan,6,slab avalanche,N,0,NA,0,,,AKAH-A
"Shahran (Shighnan), Shighnan, Badakhshan",2022,1,4,37.40570449,71.47398584,Afghanistan,6,slab avalanche,N,0,NA,0,,,AKAH-A
"Chasnood Bala, Shighnan, Badakhshan",2022,1,4,37.40570449,71.47398584,Afghanistan,6,slab avalanche,N,0,NA,0,,,AKAH-A
"Chasnood Bala, Shighnan, Badakhshan",2022,1,18,37.40570449,71.47398584,Afghanistan,6,slab avalanche,N,0,NA,0,,,AKAH-A
"Shahran (Shighnan), Shighnan, Badakhshan",2022,1,30,37.40570449,71.47398584,Afghanistan,6,slab avalanche,N,0,NA,0,,,AKAH-A
"Gulbagh, Ishkashim, Badakhshan",2022,1,30,37.40570449,71.47398584,Afghanistan,6,slab avalanche,N,0,NA,0,,,AKAH-A
"Chasnood Payan, Shighnan, Badakhshan",2022,2,7,37.40570449,71.47398584,Afghanistan,6,slab avalanche,N,0,NA,0,,,AKAH-A
"Chasnood Bala, Shighnan, Badakhshan",2022,2,7,37.40570449,71.47398584,Afghanistan,6,slab avalanche,N,0,NA,0,,,AKAH-A
"Shahran (Shighnan), Shighnan, Badakhshan",2022,2,7,37.40570449,71.47398584,Afghanistan,6,slab avalanche,N,0,NA,0,,,AKAH-A
"Shahran (Shighnan), Shighnan, Badakhshan",2022,2,13,37.40570449,71.47398584,Afghanistan,6,slab avalanche,N,0,NA,0,,,AKAH-A
"Shahran (Shighnan), Shighnan, Badakhshan",2022,2,23,37.40570449,71.47398584,Afghanistan,6,slab avalanche,N,0,NA,0,,,AKAH-A
"Chasnood Payan, Shighnan, Badakhshan",2022,2,27,37.40570449,71.47398584,Afghanistan,6,slab avalanche,N,0,NA,0,,,AKAH-A
"Shahran (Shighnan), Shighnan, Badakhshan",2022,3,6,37.40570449,71.47398584,Afghanistan,6,slab avalanche,N,0,NA,0,,,AKAH-A
"Shahran (Shighnan), Shighnan, Badakhshan",2022,3,8,37.40570449,71.47398584,Afghanistan,6,slab avalanche,N,0,NA,0,,,AKAH-A
"Shahran (Shighnan), Shighnan, Badakhshan",2022,3,9,37.40570449,71.47398584,Afghanistan,6,slab avalanche,N,0,NA,0,,,AKAH-A
"Chasnood Payan, Shighnan, Badakhshan",2022,3,9,37.40570449,71.47398584,Afghanistan,6,slab avalanche,N,0,NA,0,,,AKAH-A
"Shahran (Shighnan), Shighnan, Badakhshan",2022,3,10,37.40570449,71.47398584,Afghanistan,6,slab avalanche,N,0,NA,0,,,AKAH-A
"Shahran (Shighnan), Shighnan, Badakhshan",2022,3,11,37.40570449,71.47398584,Afghanistan,6,slab avalanche,N,0,NA,0,,,AKAH-A
"Shahran (Shighnan), Shighnan, Badakhshan",2022,3,12,37.40570449,71.47398584,Afghanistan,6,slab avalanche,N,0,NA,0,,,AKAH-A
"Shahran (Shighnan), Shighnan, Badakhshan",2022,3,19,37.40570449,71.47398584,Afghanistan,6,slab avalanche,N,0,NA,0,,,AKAH-A
"Meyanshahr, Shighnan, Badakhshan",2017,2,17,37.48641896,71.47631462,Afghanistan,6,slab avalanche,N,0,NA,0,,,AKAH-A
"Meyanshahr, Shighnan, Badakhshan",2017,2,18,37.48641896,71.47631462,Afghanistan,6,slab avalanche,N,0,NA,0,,,AKAH-A
"Meyanshahr, Shighnan, Badakhshan",2017,2,18,37.48641896,71.47631462,Afghanistan,6,slab avalanche,N,0,NA,0,,,AKAH-A
"Meyanshahr, Shighnan, Badakhshan",2017,2,18,37.48641896,71.47631462,Afghanistan,6,slab avalanche,N,0,NA,0,,,AKAH-A
"Meyanshahr, Shighnan, Badakhshan",2021,3,29,37.48641896,71.47631462,Afghanistan,6,slab avalanche,N,0,NA,0,,,AKAH-A
"Dakkhana, Shighnan, Badakhshan",2015,2,14,37.33160124,71.48066118,Afghanistan,6,slab avalanche,N,0,NA,0,,,AKAH-A
"Dakkhana, Shighnan, Badakhshan",2016,2,10,37.33160124,71.48066118,Afghanistan,6,slab avalanche,N,0,NA,0,,,AKAH-A
"Dakkhana, Shighnan, Badakhshan",2017,1,24,37.33160124,71.48066118,Afghanistan,6,slab avalanche,N,0,NA,0,,,AKAH-A
"Dakkhana, Shighnan, Badakhshan",2017,1,28,37.33160124,71.48066118,Afghanistan,6,slab avalanche,N,0,NA,0,,,AKAH-A
"Dakkhana, Shighnan, Badakhshan",2018,2,15,37.33160124,71.48066118,Afghanistan,6,slab avalanche,N,0,NA,0,,,AKAH-A
"Dakkhana, Shighnan, Badakhshan",2018,2,15,37.33160124,71.48066118,Afghanistan,6,slab avalanche,N,0,NA,0,,,AKAH-A
"Dakkhana, Shighnan, Badakhshan",2019,3,19,37.33160124,71.48066118,Afghanistan,6,slab avalanche,N,0,NA,0,,,AKAH-A
"Dakkhana, Shighnan, Badakhshan",2020,12,27,37.33160124,71.48066118,Afghanistan,6,slab avalanche,N,0,NA,0,,,AKAH-A
"Dakkhana, Shighnan, Badakhshan",2021,1,21,37.33160124,71.48066118,Afghanistan,6,slab avalanche,N,0,NA,0,,,AKAH-A
"Dakkhana, Shighnan, Badakhshan",2021,3,5,37.33160124,71.48066118,Afghanistan,6,slab avalanche,N,0,NA,0,,,AKAH-A
"Dakkhana, Shighnan, Badakhshan",2021,3,28,37.33160124,71.48066118,Afghanistan,6,slab avalanche,N,0,NA,0,,,AKAH-A
"Dakkhana, Shighnan, Badakhshan",2021,3,29,37.33160124,71.48066118,Afghanistan,6,slab avalanche,N,0,NA,0,,,AKAH-A
"Dakkhana, Shighnan, Badakhshan",2022,1,4,37.33160124,71.48066118,Afghanistan,6,slab avalanche,N,0,NA,0,,,AKAH-A
"Dakkhana, Shighnan, Badakhshan",2022,1,5,37.33160124,71.48066118,Afghanistan,6,slab avalanche,N,0,NA,0,,,AKAH-A
"Dakkhana, Shighnan, Badakhshan",2022,1,30,37.33160124,71.48066118,Afghanistan,6,slab avalanche,N,0,NA,0,,,AKAH-A
"Dakkhana, Shighnan, Badakhshan",2022,2,7,37.33160124,71.48066118,Afghanistan,6,slab avalanche,N,0,NA,0,,,AKAH-A
"Dakkhana, Shighnan, Badakhshan",2022,2,24,37.33160124,71.48066118,Afghanistan,6,slab avalanche,N,0,NA,0,,,AKAH-A
"Dakkhana, Shighnan, Badakhshan",2022,3,6,37.33160124,71.48066118,Afghanistan,6,slab avalanche,N,0,NA,0,,,AKAH-A
"Dakkhana, Shighnan, Badakhshan",2022,3,7,37.33160124,71.48066118,Afghanistan,6,slab avalanche,N,0,NA,0,,,AKAH-A
"Dakkhana, Shighnan, Badakhshan",2022,3,8,37.33160124,71.48066118,Afghanistan,6,slab avalanche,N,0,NA,0,,,AKAH-A
"Dakkhana, Shighnan, Badakhshan",2022,3,9,37.33160124,71.48066118,Afghanistan,6,slab avalanche,N,0,NA,0,,,AKAH-A
"Dakkhana, Shighnan, Badakhshan",2022,3,11,37.33160124,71.48066118,Afghanistan,6,slab avalanche,N,0,NA,0,,,AKAH-A
"Dakkhana, Shighnan, Badakhshan",2022,3,12,37.33160124,71.48066118,Afghanistan,6,slab avalanche,N,0,NA,0,,,AKAH-A
"Dakkhana, Shighnan, Badakhshan",2022,3,16,37.33160124,71.48066118,Afghanistan,6,slab avalanche,N,0,NA,0,,,AKAH-A
"Budardha, Ishkashim, Badakhshan",2021,3,28,37.23909632,71.4810934,Afghanistan,6,slab avalanche,N,0,NA,0,,,AKAH-A
"Budardha, Ishkashim, Badakhshan",2022,1,30,37.23909632,71.4810934,Afghanistan,6,slab avalanche,N,0,NA,0,,,AKAH-A
"Khawer-Redaj, Shighnan, Badakhshan",2022,3,13,37.55123344,71.48279801,Afghanistan,6,slab avalanche,N,0,NA,0,,,AKAH-A
"Khushpaki Payan, Ishkashim, Badakhshan",2017,2,9,36.66071203,71.48304897,Afghanistan,6,slab avalanche,N,0,NA,0,,,AKAH-A
"Tebenak( Darmarakht), Shighnan, Badakhshan",2017,3,22,37.33333,71.483333,Afghanistan,6,slab avalanche,N,0,NA,0,,,AKAH-A
"Tibanak-Darmarakht, Shighnan, Badakhshan",2021,3,5,37.33333,71.483333,Afghanistan,6,slab avalanche,N,0,NA,0,,,AKAH-A
"Meyandeh (Nusai), Nusai, Badakhshan",2017,3,27,37.4762446,71.48374315,Afghanistan,6,slab avalanche,N,0,NA,0,,,AKAH-A
"Lachid-Parviz-Bezokh, Shighnan, Badakhshan",2017,2,19,37.55689475,71.48441025,Afghanistan,6,slab avalanche,N,0,NA,0,,,AKAH-A
"Walij, Ishkashim, Badakhshan",2017,2,4,36.91768491,71.48556901,Afghanistan,6,slab avalanche,N,0,NA,0,,,AKAH-A
"Bawer Rejistak, Shighnan, Badakhshan",2017,2,19,37.5612063,71.48640125,Afghanistan,6,slab avalanche,N,0,NA,0,,,AKAH-A
"Chawgantrashan, Shighnan, Badakhshan",2015,3,3,37.42873924,71.48778875,Afghanistan,6,slab avalanche,N,0,NA,0,,,AKAH-A
"Chawgantrashan, Shighnan, Badakhshan",2017,2,19,37.42873924,71.48778875,Afghanistan,6,slab avalanche,N,0,NA,0,,,AKAH-A
"Chawgantrashan, Shighnan, Badakhshan",2019,1,16,37.42873924,71.48778875,Afghanistan,6,slab avalanche,N,0,NA,0,,,AKAH-A
"Chawgantrashan, Shighnan, Badakhshan",2021,3,28,37.42873924,71.48778875,Afghanistan,6,slab avalanche,N,0,NA,0,,,AKAH-A
"Chawgantrashan, Shighnan, Badakhshan",2022,3,8,37.42873924,71.48778875,Afghanistan,6,slab avalanche,N,0,NA,0,,,AKAH-A
"Deerdehmurghan, Shighnan, Badakhshan",2019,1,16,37.54085411,71.48930809,Afghanistan,6,slab avalanche,N,0,NA,0,,,AKAH-A
"Deerdehmurghan, Shighnan, Badakhshan",2022,3,6,37.54085411,71.48930809,Afghanistan,6,slab avalanche,N,0,NA,0,,,AKAH-A
"Tebinak, Shughnan, Badakhshan",2015,2,15,37.295712,71.490486,Afghanistan,6,slab avalanche,N,0,NA,0,,,AKAH-A
"Badam Tendir, Shighnan, Badakhshan",2022,3,13,37.5770064,71.49132421,Afghanistan,6,slab avalanche,N,0,NA,0,,,AKAH-A
"Shiduj Dara, Shighnan, Badakhshan",2012,3,19,37.69090831,71.49274795,Afghanistan,6,slab avalanche,N,0,NA,0,,,AKAH-A
"Shiduj Dara, Shighnan, Badakhshan",2017,2,15,37.69090831,71.49274795,Afghanistan,6,slab avalanche,Y,1,12,0,,12 persons injured,AKAH-A
"Shiduj Dara, Shighnan, Badakhshan",2019,1,17,37.69090831,71.49274795,Afghanistan,6,slab avalanche,N,0,NA,0,,,AKAH-A
"Shiduj Dara, Shighnan, Badakhshan",2022,2,23,37.69090831,71.49274795,Afghanistan,6,slab avalanche,N,0,NA,0,,,AKAH-A
"Shiduj Dara, Shighnan, Badakhshan",2022,2,25,37.69090831,71.49274795,Afghanistan,6,slab avalanche,N,0,NA,0,,,AKAH-A
"Shiduj Dara, Shighnan, Badakhshan",2022,3,13,37.69090831,71.49274795,Afghanistan,6,slab avalanche,N,0,NA,0,,,AKAH-A
"Shiduj Dara, Shighnan, Badakhshan",2022,3,16,37.69090831,71.49274795,Afghanistan,6,slab avalanche,N,0,NA,0,,,AKAH-A
"Shiduj Dara, Shighnan, Badakhshan",2022,3,17,37.69090831,71.49274795,Afghanistan,6,slab avalanche,N,0,NA,0,,,AKAH-A
"Shiduj Dara, Shighnan, Badakhshan",2022,3,19,37.69090831,71.49274795,Afghanistan,6,slab avalanche,N,0,NA,0,,,AKAH-A
"Sawan, Shighnan, Badakhshan",2022,3,13,37.51184106,71.4937825,Afghanistan,6,slab avalanche,N,0,NA,0,,,AKAH-A
"Vazh Reem, Shighnan, Badakhshan",2022,3,15,37.58977673,71.49720816,Afghanistan,6,slab avalanche,N,0,NA,0,,,AKAH-A
"Jangal (Pajwar), Shighnan, Badakhshan",2021,3,10,37.93991694,71.49914878,Afghanistan,6,slab avalanche,N,0,NA,0,,,AKAH-A
"Jangal (Pajwar), Shighnan, Badakhshan",2022,3,5,37.93991694,71.49914878,Afghanistan,6,slab avalanche,N,0,NA,0,,,AKAH-A
"Jangal (Pajwar), Shighnan, Badakhshan",2022,3,6,37.93991694,71.49914878,Afghanistan,6,slab avalanche,N,0,NA,0,,,AKAH-A
"Jangal (Pajwar), Shighnan, Badakhshan",2022,3,6,37.93991694,71.49914878,Afghanistan,6,slab avalanche,N,0,NA,0,,,AKAH-A
"Jangal (Pajwar), Shighnan, Badakhshan",2022,3,17,37.93991694,71.49914878,Afghanistan,6,slab avalanche,N,0,NA,0,,,AKAH-A
"Tirive (Weyer), Shighnan, Badakhshan",2015,2,21,37.60856145,71.50095619,Afghanistan,6,slab avalanche,N,0,NA,0,,,AKAH-A
"Tirive (Dehshar), Shighnan, Badakhshan",2015,2,21,37.60856145,71.50095619,Afghanistan,6,slab avalanche,N,0,NA,0,,,AKAH-A
"Tirive (Dehshar), Shighnan, Badakhshan",2017,2,16,37.60856145,71.50095619,Afghanistan,6,slab avalanche,N,0,NA,0,,,AKAH-A
"Tirive (Weyer), Shighnan, Badakhshan",2018,2,15,37.60856145,71.50095619,Afghanistan,6,slab avalanche,N,0,NA,0,,,AKAH-A
"Tirive (Weyer), Shighnan, Badakhshan",2018,2,15,37.60856145,71.50095619,Afghanistan,6,slab avalanche,N,0,NA,0,,,AKAH-A
"Deshar, Shighnan, Badakhshan",2018,2,15,37.614479,71.504311,Afghanistan,6,slab avalanche,N,0,NA,0,,,AKAH-A
"Shiva- Bamdara Pass, Arghanjkhaw, Badakhshan",2021,11,12,37.49374656,71.50479828,Afghanistan,6,wet snow avalanche,Y,2,NA,0,,,AKAH-A
"Wirathn, Shighnan, Badakhshan",2022,3,13,37.61821713,71.50559468,Afghanistan,6,slab avalanche,N,0,NA,0,,,AKAH-A
"Sari Shakh, Ishkashim, Badakhshan",2021,3,28,36.88377194,71.51231751,Afghanistan,6,slab avalanche,N,0,NA,0,,,AKAH-A
"Wereezn (Shighnan), Shighnan, Badakhshan",2015,2,21,37.65039703,71.52034974,Afghanistan,6,slab avalanche,N,0,NA,0,,,AKAH-A
"Wereezn (Shighnan), Shighnan, Badakhshan",2017,1,28,37.65039703,71.52034974,Afghanistan,6,slab avalanche,N,0,NA,0,,,AKAH-A
"Wereezn (Shighnan), Shighnan, Badakhshan",2017,1,30,37.65039703,71.52034974,Afghanistan,6,slab avalanche,N,0,NA,0,,,AKAH-A
"Wereezn (Shighnan), Shighnan, Badakhshan",2017,2,8,37.65039703,71.52034974,Afghanistan,6,slab avalanche,N,0,NA,0,,,AKAH-A
"Wereezn (Shighnan), Shighnan, Badakhshan",2017,2,8,37.65039703,71.52034974,Afghanistan,6,slab avalanche,N,0,NA,0,,,AKAH-A
"Wereezn (Shighnan), Shighnan, Badakhshan",2017,2,8,37.65039703,71.52034974,Afghanistan,6,slab avalanche,N,0,NA,0,,,AKAH-A
"Wereezn (Shighnan), Shighnan, Badakhshan",2017,2,15,37.65039703,71.52034974,Afghanistan,6,slab avalanche,N,0,NA,0,,,AKAH-A
"Wereezn (Shighnan), Shighnan, Badakhshan",2017,2,16,37.65039703,71.52034974,Afghanistan,6,slab avalanche,N,0,NA,0,,,AKAH-A
"Wereezn (Shighnan), Shighnan, Badakhshan",2021,3,17,37.65039703,71.52034974,Afghanistan,6,slab avalanche,N,0,NA,0,,,AKAH-A
"Wereezn (Shighnan), Shighnan, Badakhshan",2021,3,29,37.65039703,71.52034974,Afghanistan,6,slab avalanche,N,0,NA,0,,,AKAH-A
"Wereezn (Shighnan), Shighnan, Badakhshan",2022,3,6,37.65039703,71.52034974,Afghanistan,6,slab avalanche,N,0,NA,0,,,AKAH-A
"Wereezn (Shighnan), Shighnan, Badakhshan",2022,3,14,37.65039703,71.52034974,Afghanistan,6,slab avalanche,N,0,NA,0,,,AKAH-A
"Khawar, Shighnan, Badakhshan",2017,2,19,37.68643712,71.53385011,Afghanistan,6,slab avalanche,N,0,NA,0,,,AKAH-A
"Nawadak, Shighnan, Badakhshan",2015,2,22,37.75476845,71.53396925,Afghanistan,6,slab avalanche,N,0,NA,0,,,AKAH-A
"Nawadak, Shighnan, Badakhshan",2022,1,5,37.75476845,71.53396925,Afghanistan,6,slab avalanche,N,0,NA,0,,,AKAH-A
"Nawadak, Shighnan, Badakhshan",2022,2,6,37.75476845,71.53396925,Afghanistan,6,slab avalanche,N,0,NA,0,,,AKAH-A
"Nawadak, Shighnan, Badakhshan",2022,2,7,37.75476845,71.53396925,Afghanistan,6,slab avalanche,N,0,NA,0,,,AKAH-A
"Nawadak, Shighnan, Badakhshan",2022,3,2,37.75476845,71.53396925,Afghanistan,6,slab avalanche,N,0,NA,0,,,AKAH-A
"Nawadak, Shighnan, Badakhshan",2022,3,10,37.75476845,71.53396925,Afghanistan,6,slab avalanche,N,0,NA,0,,,AKAH-A
"Nawadak, Shighnan, Badakhshan",2022,3,13,37.75476845,71.53396925,Afghanistan,6,slab avalanche,N,0,NA,0,,,AKAH-A
"Nawadak, Shighnan, Badakhshan",2022,3,14,37.75476845,71.53396925,Afghanistan,6,slab avalanche,N,0,NA,0,,,AKAH-A
"Nawadak, Shighnan, Badakhshan",2022,3,15,37.75476845,71.53396925,Afghanistan,6,slab avalanche,N,0,NA,0,,,AKAH-A
"Nawadak, Shighnan, Badakhshan",2022,3,16,37.75476845,71.53396925,Afghanistan,6,slab avalanche,N,0,NA,0,,,AKAH-A
"Nawadak, Shighnan, Badakhshan",2022,3,17,37.75476845,71.53396925,Afghanistan,6,slab avalanche,N,0,NA,0,,,AKAH-A
"Chasnood Bala, Shighnan, Badakhshan",2022,3,17,37.77788149,71.54579631,Afghanistan,6,slab avalanche,N,0,NA,0,,,AKAH-A
"Gharan, Ishkashim, Badakhshan",2010,3,11,36.708032,71.552187,Afghanistan,6,slab avalanche,N,0,0,0,,,AKAH-A
"Kunar Province, Afghanistan",2022,2,7,35.117071,71.559069,Afghanistan,8,snow avalanche,Y,19,NA,NA,,,https://reliefweb.int/report/afghanistan/afghanistan-snow-avalanche-amd-media-echo-daily-flash-08-february-2022
"Nawabad (Ishkashiem), Ishkashim, Badakhshan",2019,3,19,36.7071189,71.56628694,Afghanistan,6,slab avalanche,N,0,NA,0,,,AKAH-A
"Khak Ali, Darayim, Badakhshan",2022,3,14,36.706726,71.569351,Afghanistan,6,slab avalanche,N,0,NA,0,,,AKAH-A
"Khashak, Nusai, Badakhshan",2022,1,4,36.70668,71.569359,Afghanistan,6,slab avalanche,N,0,NA,0,,,AKAH-A
"Rubat (Shighnan), Shighnan, Badakhshan",2022,3,13,36.70668,71.569359,Afghanistan,6,slab avalanche,N,0,NA,0,,,AKAH-A
"Larky, Yamgan, Badakhshan",2022,3,14,36.70668,71.569359,Afghanistan,6,slab avalanche,N,0,NA,0,,,AKAH-A
"Rubat (Shighnan), Shighnan, Badakhshan",2022,3,14,36.70668,71.569359,Afghanistan,6,slab avalanche,N,0,NA,0,,,AKAH-A
"Rubat (Shighnan), Shighnan, Badakhshan",2022,3,14,36.70668,71.569359,Afghanistan,6,slab avalanche,N,0,NA,0,,,AKAH-A
"Wirathn, Shighnan, Badakhshan",2022,3,14,36.70668,71.569359,Afghanistan,6,slab avalanche,N,0,NA,0,,,AKAH-A
"Gharjween, Shighnan, Badakhshan",2022,3,14,36.70668,71.569359,Afghanistan,6,slab avalanche,N,0,NA,0,,,AKAH-A
"Arakht, Shighnan, Badakhshan",2022,3,14,36.70668,71.569359,Afghanistan,6,slab avalanche,N,0,NA,0,,,AKAH-A
"Sarjaway, Nusai, Badakhshan",2021,2,9,36.70689,71.569366,Afghanistan,6,slab avalanche,Y,2,7,0,,7 persons injured,AKAH-A
"Rubat (Shighnan), Shighnan, Badakhshan",2017,1,15,37.83897136,71.58385931,Afghanistan,6,slab avalanche,N,0,NA,0,,,AKAH-A
"Rubat (Shighnan), Shighnan, Badakhshan",2017,1,28,37.83897136,71.58385931,Afghanistan,6,slab avalanche,N,0,NA,0,,,AKAH-A
"Rubat (Shighnan), Shighnan, Badakhshan",2017,2,18,37.83897136,71.58385931,Afghanistan,6,slab avalanche,N,0,NA,0,,,AKAH-A
"Rubat (Shighnan), Shighnan, Badakhshan",2018,1,29,37.83897136,71.58385931,Afghanistan,6,slab avalanche,N,0,NA,0,,,AKAH-A
"Rubat (Shighnan), Shighnan, Badakhshan",2018,2,15,37.83897136,71.58385931,Afghanistan,6,slab avalanche,N,0,NA,0,,,AKAH-A
"Rubat (Shighnan), Shighnan, Badakhshan",2018,2,17,37.83897136,71.58385931,Afghanistan,6,slab avalanche,N,0,NA,0,,,AKAH-A
"Rubat (Shighnan), Shighnan, Badakhshan",2021,3,17,37.83897136,71.58385931,Afghanistan,6,slab avalanche,N,0,NA,0,,,AKAH-A
"Rubat (Shighnan), Shighnan, Badakhshan",2022,2,24,37.83897136,71.58385931,Afghanistan,6,slab avalanche,N,0,NA,0,,,AKAH-A
"Rubat (Shighnan), Shighnan, Badakhshan",2022,3,16,37.83897136,71.58385931,Afghanistan,6,slab avalanche,N,0,NA,0,,,AKAH-A
"Rubat (Shighnan), Shighnan, Badakhshan",2022,3,17,37.83897136,71.58385931,Afghanistan,6,slab avalanche,N,0,NA,0,,,AKAH-A
"Futoor, Wakhan, Badakhshan",2019,1,13,36.68254166,71.652222,Afghanistan,6,slab avalanche,Y,1,NA,0,,,AKAH-A
"Panja, Wakhan, Badakhshan",2021,3,30,36.99710825,72.57856111,Afghanistan,8,slab avalanche,N,0,NA,0,,,AKAH-A
"Pamir khurd, Wakhan, Badakhshan",2020,1,16,36.994361,72.650815,Afghanistan,8,slab avalanche,Y,1,NA,0,,,AKAH-A
Lenin peak ,1990,7,13,39.344094,72.877599,Tajikistan,6,NA,Y,40,NA,NA,,,https://www.nytimes.com/1990/07/18/world/avalanche-kills-40-climbers-in-soviet-central-asia.html
Kohistan,2010,2,16,35.411909,72.94035,Pakistan,8,snow avalanche,Y,120,72,NA,,"Families of 72 treated, Heavy snowfall",https://reliefweb.int/disaster/av-2010-000027-pak  /  https://reliefweb.int/report/pakistan/pakistan-kohistan-avalanche-death-toll-rises-102
"Korut, Wakhan, Badakhshan",2021,3,21,36.94849851,72.96753524,Afghanistan,6,slab avalanche,N,0,NA,0,,,AKAH-A
Gorno- Badakhshan,2010,2,6,38.474399,73.102399,Tajikistan,6,NA,Y,1,0,NA,,one person died when hit by avalanche and tried to jump off the truck,https://asiaplustj.info/en/news/tajikistan/incidents/20100206/avalanche-kills-one-gorno-badakhshan
GBAO,2015,1,14,38.474399,73.102399,Tajikistan,6,NA,Y,10,1,NA,,avalanche incidents since Jan 14,https://www.rferl.org/a/avalanches-claim-five-lives-in-tajikistan/29717373.html
Gorno-Badakshan,2019,1,,38.474399,73.102399,Tajikistan,6,NA,Y,7,1,NA,,,https://www.rferl.org/a/avalanches-claim-five-lives-in-tajikistan/29717373.html
"Archa, Wakhan, Badakhshan",2017,3,22,36.99154516,73.22911819,Afghanistan,8,slab avalanche,N,0,NA,0,,,AKAH-A
"Ners, Wakhan, Badakhshan",2012,3,20,36.98262401,73.32445,Afghanistan,8,slab avalanche,N,0,NA,0,,,AKAH-A
"Ners, Wakhan, Badakhshan",2017,2,5,36.98262401,73.32445,Afghanistan,8,slab avalanche,N,0,NA,0,,,AKAH-A
"Kherkat, Nusai, badakhshan",2022,3,7,36.98541579,73.38243981,Afghanistan,8,slab avalanche,N,0,NA,0,,,AKAH-A
"Kherkat, Nusai, Badakhshan",2022,3,12,36.98541579,73.38243981,Afghanistan,8,slab avalanche,N,0,NA,0,,,AKAH-A
Jalal-Abad,2022,2,14,41.12026,73.772608,Kyrgyzstan,4,NA,Y,3,NA,NA,,,
2022 Kyrgyzstan avalanche,2022,2,15,41.12026,73.772608,Kyrgyzstan,4,NA,Y,3,NA,NA,,,https://24.kg/english/223967_Avalanche_Three_people_go_missing_on_North_-_South_road/
Kashmir,2020,11,17,34.397451,73.860665,India,10,snow avalanche,Y,1,2,NA,,,https://www.ndtv.com/india-news/one-soldier-killed-two-injured-as-avalanche-hits-army-post-in-jammu-and-kashmirs-kupwara-2326725
Line of Control,2020,1,14,34.397451,73.860665,India,10,snow avalanche,Y,10,NA,NA,,Excessive snowfall,https://www.nytimes.com/2020/01/14/world/asia/pakistan-kashmir-avalanches.html
Uri-Sector,1997,3,28,34.095994,74.035038,India,10,slab avalanche,Y,4,NA,NA,,,https://egyankosh.ac.in/bitstream/123456789/25175/1/Unit-14.pdf
Kashmir avalanches,2018,1,5,34.409163,74.098664,India,10,NA,Y,11,2,NA,,"2 people rescued, near simultaneous avalanches at 3 places in a stretch of about 10 km",https://kathmandupost.com/world/2018/01/07/multiple-avalanches-in-indian-held-kashmir-kill-11
Jammu and Kashmir,2005,2,18,33.793152,74.346548,India,10,snow avalanche,Y,540,NA,NA,,"Series of avalanches since 18th Feb due to excessive snowfall, 1200 houses damaged, 4500 people evacuated, 262 people missing",https://egyankosh.ac.in/bitstream/123456789/25175/1/Unit-14.pdf
Line of Control,2020,1,14,34.827012,74.358551,Pakistan,10,snow avalanche,Y,55,12,NA,,">12 injuries, Excessive snowfall",https://www.nytimes.com/2020/01/14/world/asia/pakistan-kashmir-avalanches.html
Nilt,2022,4,22,36.231076,74.418877,Pakistan,9,NA,N,0,0,0,,,
Gurez Sector,2017,1,25,34.634041,74.773255,India,10,NA,Y,24,NA,NA,,"20 soldiers and 4 civilians, some remain missing","(Rafiq and Mishra, 2018)"
"Banihal, Jammu and Kashmir",1998,2,25,33.430363,75.214877,India,10,NA,Y,11,NA,NA,,Avalanche caused by intense snowfall destroyed a remote house and claimed the lives of its inhabitants,https://egyankosh.ac.in/bitstream/123456789/25175/1/Unit-14.pdf
Shigar,1988,NA,NA,35.592339,75.568032,Pakistan,9,NA,Y,42,NA,NA,,,personal communication
Lahual and Spiti,1978,3,NA,32.759515,76.19334,India,10,NA,Y,30,NA,NA,,,"(SoER, 2005)"
"Udaipur, Lahual",1992,3,29,32.729617,76.674216,India,10,NA,Y,9,NA,NA,,,"(Chandel et al., 2015)"
"Gayari Military Base, Ghanche",2012,4,7,35.498008,76.753358,Pakistan,9,ice and rock avalanche ,Y,140,NA,NA,,Indo-Pakistan border; 128 soldiers and 11 civilians,"(McClung, 2016; Gilany et al., 2019)"
"Keylong, Lahual",1996,3,19,32.578084,77.033034,India,10,NA,Y,6,NA,NA,,,"(Chandel et al., 2015)"
Molodejny,2022,4,,43.054354,77.047463,Kazakhstan,4,NA,Y,2,NA,NA,,,https://turkmenportal.com/en/blog/46177/the-avalanche-descended-from-the-kazakhstan-mountains
Shymbulak,2006,4,9,43.128277,77.080485,Kazakhstan,4,NA,Y,6,NA,NA,Y,,https://english.pravda.ru/news/world/78968-kazakhstan/
Shymbulak,2022,3,10,43.128277,77.080485,Kazakhstan,4,NA,Y,1,NA,NA,Y,,
Siachen Glacier ,2016,2,3,35.452442,77.085467,India,9,NA,Y,10,NA,0,,,https://www.thehindu.com/news/national/Avalanche-traps-10-Army-personnel-in-Siachen/article60563433.ece
Siachen,2019,11,18,35.245329,77.158828,India,9,NA,Y,6,2,NA,,2 civilian porters,https://timesofindia.indiatimes.com/india/six-feared-dead-after-avalanche-hits-army-positions-in-northern-siachen/articleshow/72114684.cms
Siachen,2021,4,25,35.33656,77.158828,India,9,NA,Y,2,NA,NA,,,https://www.ndtv.com/india-news/two-army-soldiers-killed-in-avalanche-in-siachen-2422536
Himanchal,1973,NA,NA,32.248596,77.190601,India,10,NA,Y,2,NA,NA,,,"(Chandel et al., 2015)"
Deo-Tibba ,1972,10,28,32.186436,77.383044,India,10,NA,Y,2,NA,NA,,heavy snowfall triggered,"(Chandel et al., 2015)"
"Bharatpur, Lahual",2008,9,22,32.797365,77.430127,India,10,NA,Y,7,NA,NA,,12 trekkers went missing in the Chandertal area,"(Chandel et al., 2015)"
Lahaul Valley,1979,3,,31.841332,77.485476,India,10,NA,Y,237,NA,NA,,"Intense snowstorms triggered the avalanches, which buried the valley under almost 6 m of snow","(SoER, 2005)"
"Kilba, Kinnaur",1984,2,21,31.528548,78.142533,India,10,NA,Y,8,NA,NA,,,"(Chandel et al., 2015)"
Lippa Himanchal,1975,NA,NA,31.652325,78.384838,India,10,NA,Y,2,NA,NA,,,"(Chandel et al., 2015)"
"Kinnaur, Himanchal",2002,3,5,31.811375,78.656008,India,11,NA,Y,3,NA,NA,,,http://www.indiaenvironmentportal.org.in/content/140189/avalanches-claim-3-lives/
Chamoli,2021,4,23,30.822323,79.966271,India,11,NA,Y,8,NA,NA,,,https://thehimalayantimes.com/world/at-least-8-dead-in-glacier-avalanche-in-indias-himalayan-state-official
Pithoragarh,2017,3,11,30.098666,80.800212,India,11,NA,Y,3,NA,NA,,1 missing,https://kathmandupost.com/miscellaneous/2017/03/15/two-nepalis-killed-one-missing-in-uttarakhand-avalanche
Darchula avalanche,2017,6,1,29.85797,80.938675,Nepal,11,NA,Y,1,6,NA,,"6 injured, Yarsagumba picker",https://kathmandupost.com/national/2017/06/03/yarsagumba-collector-killed-in-darchula-avalanche
"Byasimare, Bajhang",2022,6,2,29.641032,81.074734,Nepal,11,NA,Y,1,NA,NA,,Local people suspected wildfire in pine forest as a cause of avalanche ,https://kathmandupost.com/climate-environment/2022/06/29/wildfires-in-bajhang-highlands-destroy-biodiversity
Ili,2008,3,17,43.92†,81.32,China,6,NA,Y,16,NA,NA,,,https://reliefweb.int/report/china/death-toll-rises-weather-hinders-rescue-nw-china-avalanche
Aru-1,2016,7,17,34.02,82.25,China,16,glacier detachment,Y,9,NA,100,,>100 yaks killed,"(K‰‰b et al., 2021)"
Aru-2,2016,9,,34,82.265,China,16,glacier detachment,N,0,NA,0,,,"(K‰‰b et al., 2021)"
"Okta, Dolpa avalanche",2017,3,11,29.07739,82.44277,Nepal,11,NA,Y,0,NA,8,,8 horses and mules,https://kathmandupost.com/national/2017/03/16/one-missing-another-injured-in-dolpa-avalanche
Dolpa avalanche,2017,3,11,28.840926,83.059938,Nepal,11,NA,Y,1,1,NA,,1 injured,https://kathmandupost.com/national/2017/03/16/one-missing-another-injured-in-dolpa-avalanche
2016 Karnali avalanche,2016,NA,NA,29.43017,83.095098,Nepal,11,NA,Y,16,NA,NA,,Yarsagumba pickers hit by an avalanche,https://kathmandupost.com/karnali-province/2022/02/12/herb-collectors-stuck-in-snow-start-returning-home
Gurja base camp,2018,10,12,28.665882,83.300291,Nepal,11,powder snow avalanche ,Y,9,NA,0,Y,,https://www.outdoorjournal.com/news/update-9-climbers-die-gurja-base-camp-really-happened-experts-opinion/
Annapurna region ,2014,10,14,28.673226,83.518843,Nepal,11,NA,Y,43,NA,NA,,Not all died due to avalanches,"(Thakuri et al., 2020)"
Kobang,2021,11,14,28.718882,83.582068,Nepal,11,ice and snow avalanche,Y,0,NA,120,,,https://thehimalayantimes.com/nepal/around-120-yaks-go-missing-in-avalanche-in-mustang
Kobang,2022,3,,28.718882,83.582068,Nepal,11,NA,Y,0,NA,15,,,by local people
"Kapuche, Kaski",2021,1,9,28.465885,84.110242,Nepal,11,snow avalanche,N,0,NA,0,,,https://www.washingtonpost.com/weather/2021/04/23/nepal-avalanche-mountain-hikers/
Manang,2019,2,NA,28.591301,84.14375,Nepal,11,NA,Y,2,NA,NA,,,https://thehimalayantimes.com/nepal/two-dead-in-manang-avalanche
Annapurna,2020,1,17,28.591216,84.208337,Nepal,11,NA,Y,7,NA,NA,,,https://kathmandupost.com/gandaki-province/2020/04/27/rescuers-recover-bodies-of-two-south-korean-tourists-buried-in-an-avalanche-in-january
"Chunchet, Gorkha",1999,1,2,28.509066,84.961227,Nepal,11,NA,Y,5,NA,NA,,,"(MoHA and DPNet-Nepal, 2015)"
Langtang,2015,4,25,28.237596,85.498829,Nepal,11,ice and rock avalanche ,Y,350,NA,1000,,Triggered by Gorkha earthquake and completely destroyed Langtang Village,"(Kargel et al., 2016)"
Langtang avalanche,2021,1,NA,28.237596,85.498829,Nepal,11,powder snow avalanche ,N,0,NA,0,,,"Social media/Langtang village facebook page (https://www.facebook.com/Langtangvalley0), later video was removed"
Langtang ,2019,4,,28.217826,85.517401,Nepal,11,wet snow avalanche,N,0,NA,0,,,witnessed
Sindhum,2007,11,NA,28.215008,85.526744,Nepal,11,NA,Y,2,0,NA,,damaged all fifteen houses in that settlement,"(Soden et al., 2018)"
Lirung avalanche,2018,11,,28.237891,85.536642,Nepal,11,powder snow avalanche ,N,0,NA,0,,,witnessed
Katon-Karagay,2022,6,23,49.152485,85.562966,Kazakhstan,NA,NA,Y,2,1,NA,,,https://www.inform.kz/en/two-climbers-killed-in-avalanche-in-east-kazakhstan_a3947897
Gokyo ,1995,11,12,27.912404,86.683499,Nepal,11,NA,Y,48,NA,NA,,avalanche/snowstorms,"(Thakuri et al., 2020)"
Everest region,1997,,,28.000026,86.853861,Nepal,11,NA,Y,19,NA,NA,, avalanche/snowstorm,"(Thakuri et al., 2020)"
1980 avalanches,1980,NA,NA,27.982441,86.88153,Nepal,11,NA,Y,10,NA,NA,,,"(Thakuri et al., 2020)"
Lugnak La avalanche,2020,5,14,27.895319,88.481671,India,12,snow avalanche,Y,2,NA,NA,,,https://www.hindustantimes.com/india-news/two-soldiers-dead-in-avalanche-at-sikkim-s-lugnak-la/story-neYTXF55CsJy4rJEGdrrLL.html
Kameng sector,2022,2,6,27.478782,92.11086,India,12,snow avalanches,Y,7,NA,NA,,,https://www.tribuneindia.com/news/nation/7-army-men-hit-by-avalanche-dead-368190
Amney Machen,2004,1,NA,34.82,99.44,China,21,glacier detachment,N,0,0,0,,happened between 26 Jan - 3 Feb,"(K‰‰b et al., 2021)"
Amney Machen,2007,9,,34.82,99.44,China,21,glacier detachment,N,0,0,0,,happened between 23 Sep - 2 Nov,"(K‰‰b et al., 2021)"
Amney Machen,2016,10,,34.82,99.44,China,21,glacier detachment,N,0,NA,0,,happened between 4 - 7 Oct,"(K‰‰b et al., 2021)"
Amney Machen,2019,7,9,34.82,99.44,China,21,glacier detachment,N,0,0,0,,between 9-20 July,"(K‰‰b et al., 2021)"
"Kaicheng Town, Yuanzhou District",2012,6,5,36.210025,104.213076,China,22,NA,Y,10,NA,NA,,,https://reliefweb.int/report/china/avalanche-leaves-3-dead-7-missing-nw-china
Chitral ,2012,3,19, 35.845718∞, 71.809852∞,Pakistan,8,snow avalanche,Y,5,NA,NA,,,"(Chabot et al., 2016)"
Tajik Badhakshan,2012,3,19, 38.474399∞, 73.102399∞,Tajikistan,6,snow avalanche,Y,1,NA,50,,,"(Chabot et al., 2016)"
Gilgit,2012,3,19,  35.856445∞, 74.462647∞,Pakistan,8,snow avalanche,Y,4,3,NA,,,"(Chabot et al., 2016)"
Mustang,1998,NA,NA, 28.688387∞, 83.543016∞,Nepal,11,NA,Y,0,NA,25,,Yaks,
Mustang,1998,NA,NA, 28.688387∞, 83.543016∞,Nepal,11,ice and snow avalanche,Y,3,NA,85,,85 cows dead,personal communication
Mustang,1987,NA,NA, 28.688387∞, 83.543016∞,Nepal,11,NA,Y,0,0,62,,Yaks,
Mustang,2003,NA,NA, 28.601155∞, 83.596533∞,Nepal,11,ice and snow avalanche,Y,0,NA,70,,single owner lost 70 yaks,"https://lib.icimod.org/record/12691#:~:text=There%20are%20thirty%20yak%20herd,5%2C000%20metres%20above%20sea%20level."
Langtang,1997,8,NA, 28.206287∞, 85.622930∞,Nepal,11,NA,Y,0,NA,5,,,https://case.edu/affil/tibet/documents/McVeighNomadicPeoplesArticle.pdf
"Jamarch Bala, Maimai, Badakhshan",2022,2,23,NA,NA,Afghanistan,8,slab avalanche,N,0,NA,0,,,AKAH-A
NA,2017,2,19,NA,NA,Kyrgyzstan,5,snow avalanche,Y,3,NA,NA,,,https://reliefweb.int/report/tajikistan/deadly-avalanches-hit-central-asia
NA,2017,2,19,NA,NA,Tajikistan,6,snow avalanche,Y,5,NA,NA,,,https://reliefweb.int/report/tajikistan/deadly-avalanches-hit-central-asia
"Wushnashahr, Nusai, Badakhshan",2019,2,5,NA,NA,Afghanistan,6,slab avalanche,N,0,NA,0,,,AKAH-A
"Jamarch Bala, Maimai, Badakhshan",2019,2,6,NA,NA,Afghanistan,6,slab avalanche,N,0,NA,0,,,AKAH-A
"Nawabad, Nusai, Badakhshan",2019,3,28,NA,NA,Afghanistan,6,slab avalanche,N,0,NA,0,,,AKAH-A
"Ghazdara, Maimai, Badakhshan",2019,4,16,NA,NA,Afghanistan,6,wet snow avalanche,N,0,NA,0,,,AKAH-A
"Safidsang, Khahan, Badakhshan",2019,1,16,NA,NA,Afghanistan,6,slab avalanche,Y,1,NA,0,,,AKAH-A
"Hosshah, Khahan, Badakhshan",2019,2,2,NA,NA,Afghanistan,6,slab avalanche,Y,2,4,0,,4 persons injured,AKAH-A
"Khaldis, Raghistan, Badakhshan",2019,1,17,NA,NA,Afghanistan,6,slab avalanche,Y,8,3,0,,3 person injured,AKAH-A
"Silla Shudag, Nusai, Badakhshan",2020,1,7,NA,NA,Afghanistan,6,slab avalanche,N,0,NA,0,,,AKAH-A
"Parabir, Maimai, Badakhshan",2020,1,13,NA,NA,Afghanistan,6,slab avalanche,N,0,NA,0,,,AKAH-A
"Ozbay, Maimai, Badakhshan",2020,4,15,NA,NA,Afghanistan,6,wet snow avalanche,Y,0,NA,200,,,AKAH-A
"Darmarakht, Shighnan, Badakhshan",2021,1,21,NA,NA,Afghanistan,6,slab avalanche,N,0,NA,0,,,AKAH-A
"Gharan bala Woned, Ishkashim, Badakhshan",2021,3,28,NA,NA,Afghanistan,6,slab avalanche,N,0,NA,0,,,AKAH-A
"Zarandabd, Khahan, Badakhshan",2021,3,5,NA,NA,Afghanistan,6,slab avalanche,Y,14,18,0,,18 persons injured,AKAH-A
"Lech (Sanglige), Shukai, Badakhshan",2022,1,3,NA,NA,Afghanistan,6,slab avalanche,N,0,NA,0,,,AKAH-A
"Taajdara, Raghistan, Badakhshan",2022,1,3,NA,NA,Afghanistan,8,slab avalanche,Y,5,NA,0,,,AKAH-A
NA,2002 - 2008,NA,NA,NA,NA,Kyrgyzstan,5,NA,Y,56,NA,NA,,,https://www.preventionweb.net/files/14436_14436INDEPTHREVIEWOFDRRINKRfinal1.pdf
"Gharan, Ishkashim, Badakhshan",2021,3,18,NA,NA,Afghanistan,6,slab avalanche,N,0,NA,0,,,AKAH-A
"Woned, Ishkashim, Badakhshan",2021,3,29,NA,NA,Afghanistan,6,slab avalanche,N,0,NA,0,,,AKAH-A
